word,word_type,color,stim_condition,correct_resp,thisN,thisTrialN,thisRepN,resp.keys,resp.corr,resp.rt,resp.duration,trials.thisRepN,trials.thisTrialN,trials.thisN,trials.thisIndex,thisRow.t,notes,Instructions.started,instr_text.started,Instructions.stopped,trial.started,fixation.started,fixation.stopped,word_stim.started,resp.started,trial.stopped,trials.resp.keys,trials.resp.corr,trials.resp.rt,trials.resp.duration,Thanks.started,text.started,text.stopped,Thanks.stopped,participant,session,date,expName,expVersion,psychopyVersion,frameRate,expStart,
,,,,,,,,,,,,,,,,,,0.011019300029147416,0.02521540003363043,2.011562200030312,,,,,,,,,,,,,,,3,001,2025-11-18_20h25.15.667,emotional stroop_untitled,,2025.1.1,60.12451788676241,2025-11-18 20h25.20.723610 +0530,
Abuse,emotional,red,C,r,0,0,0,r,1,0.7456779999774881,None,0,0,0,4,2.058383900031913,,,,,2.037239800032694,2.058383900031913,2.507793400029186,2.507793400029186,2.507793400029186,3.2618693000404164,r,1,0.7456779999774881,None,,,,,3,001,2025-11-18_20h25.15.667,emotional stroop_untitled,,2025.1.1,60.12451788676241,2025-11-18 20h25.20.723610 +0530,
Table,neutral,blue,I,b,1,1,0,b,1,0.9962429999723099,None,0,1,1,13,3.2750816000043415,,,,,3.264796900039073,3.2750816000043415,3.774302000005264,3.774302000005264,3.774302000005264,4.77851220004959,b,1,0.9962429999723099,None,,,,,3,001,2025-11-18_20h25.15.667,emotional stroop_untitled,,2025.1.1,60.12451788676241,2025-11-18 20h25.20.723610 +0530,
Pencil,neutral,green,I,g,2,2,0,g,1,1.046621799992863,None,0,2,2,14,4.790929800015874,,,,,4.781372400000691,4.790929800015874,5.29122680000728,5.29122680000728,5.29122680000728,6.3451101000537165,g,1,1.046621799992863,None,,,,,3,001,2025-11-18_20h25.15.667,emotional stroop_untitled,,2025.1.1,60.12451788676241,2025-11-18 20h25.20.723610 +0530,
Chair,neutral,green,I,g,3,3,0,g,1,0.4848557999939658,None,0,3,3,10,6.357564400008414,,,,,6.348206399998162,6.357564400008414,6.857322600029875,6.857322600029875,6.857322600029875,7.344598199997563,g,1,0.4848557999939658,None,,,,,3,001,2025-11-18_20h25.15.667,emotional stroop_untitled,,2025.1.1,60.12451788676241,2025-11-18 20h25.20.723610 +0530,
Window,neutral,red,I,r,4,4,0,r,1,0.6204593000002205,None,0,4,4,12,7.357158600003459,,,,,7.347378200036474,7.357158600003459,7.857733300013933,7.857733300013933,7.857733300013933,8.494381900003646,r,1,0.6204593000002205,None,,,,,3,001,2025-11-18_20h25.15.667,emotional stroop_untitled,,2025.1.1,60.12451788676241,2025-11-18 20h25.20.723610 +0530,
Bottle,neutral,yellow,I,y,5,5,0,y,1,1.1223521999781951,None,0,5,5,11,8.507604400045238,,,,,8.497140999999829,8.507604400045238,9.007280200021341,9.007280200021341,9.007280200021341,10.14526310004294,y,1,1.1223521999781951,None,,,,,3,001,2025-11-18_20h25.15.667,emotional stroop_untitled,,2025.1.1,60.12451788676241,2025-11-18 20h25.20.723610 +0530,
Death,emotional,green,I,g,6,6,0,g,1,0.7013963999925181,None,0,6,6,2,10.158180800033733,,,,,10.150754700007383,10.158180800033733,10.65825620002579,10.65825620002579,10.65825620002579,11.361538800003473,g,1,0.7013963999925181,None,,,,,3,001,2025-11-18_20h25.15.667,emotional stroop_untitled,,2025.1.1,60.12451788676241,2025-11-18 20h25.20.723610 +0530,
Road,neutral,green,I,g,7,7,0,g,1,0.4943236999679357,None,0,7,7,18,11.374901100003626,,,,,11.364210800034925,11.374901100003626,11.874432800046634,11.874432800046634,11.874432800046634,12.377201700001024,g,1,0.4943236999679357,None,,,,,3,001,2025-11-18_20h25.15.667,emotional stroop_untitled,,2025.1.1,60.12451788676241,2025-11-18 20h25.20.723610 +0530,
Garden,neutral,red,I,r,8,8,0,r,1,0.5632112000021152,None,0,8,8,16,12.39065750001464,,,,,12.379848000011407,12.39065750001464,12.890671400004067,12.890671400004067,12.890671400004067,13.46160190005321,r,1,0.5632112000021152,None,,,,,3,001,2025-11-18_20h25.15.667,emotional stroop_untitled,,2025.1.1,60.12451788676241,2025-11-18 20h25.20.723610 +0530,
Sadness,emotional,yellow,I,y,9,9,0,y,1,1.5177835999638774,None,0,9,9,7,13.474130700051319,,,,,13.464477000001352,13.474130700051319,13.974412300041877,13.974412300041877,13.974412300041877,15.49662630003877,y,1,1.5177835999638774,None,,,,,3,001,2025-11-18_20h25.15.667,emotional stroop_untitled,,2025.1.1,60.12451788676241,2025-11-18 20h25.20.723610 +0530,
Book,neutral,blue,I,b,10,10,0,b,1,1.3733798999455757,None,0,10,10,17,15.507264300016686,,,,,15.499956400017254,15.507264300016686,16.00739430001704,16.00739430001704,16.00739430001704,17.393981100001838,b,1,1.3733798999455757,None,,,,,3,001,2025-11-18_20h25.15.667,emotional stroop_untitled,,2025.1.1,60.12451788676241,2025-11-18 20h25.20.723610 +0530,
Pain,emotional,blue,I,b,11,11,0,b,1,0.4501877000438981,None,0,11,11,1,17.406958400039002,,,,,17.39658550004242,17.406958400039002,17.907528300012928,17.907528300012928,17.907528300012928,18.36144820001209,b,1,0.4501877000438981,None,,,,,3,001,2025-11-18_20h25.15.667,emotional stroop_untitled,,2025.1.1,60.12451788676241,2025-11-18 20h25.20.723610 +0530,
Stone,neutral,yellow,I,y,12,12,0,y,1,0.7620220999815501,None,0,12,12,19,18.37414390000049,,,,,18.36501250002766,18.37414390000049,18.873332300048787,18.873332300048787,18.873332300048787,19.644725500023924,y,1,0.7620220999815501,None,,,,,3,001,2025-11-18_20h25.15.667,emotional stroop_untitled,,2025.1.1,60.12451788676241,2025-11-18 20h25.20.723610 +0530,
Violence,emotional,blue,I,b,13,13,0,b,1,0.7170477999607101,None,0,13,13,9,19.65681220003171,,,,,19.650540000002366,19.65681220003171,20.157730100036133,20.157730100036133,20.157730100036133,20.87832519999938,b,1,0.7170477999607101,None,,,,,3,001,2025-11-18_20h25.15.667,emotional stroop_untitled,,2025.1.1,60.12451788676241,2025-11-18 20h25.20.723610 +0530,
Panic,emotional,yellow,I,y,14,14,0,y,1,1.4174704999895766,None,0,14,14,3,20.890314400021452,,,,,20.881119700032286,20.890314400021452,21.390063700033352,21.390063700033352,21.390063700033352,22.810511000046972,y,1,1.4174704999895766,None,,,,,3,001,2025-11-18_20h25.15.667,emotional stroop_untitled,,2025.1.1,60.12451788676241,2025-11-18 20h25.20.723610 +0530,
Fear,emotional,red,C,r,15,15,0,r,1,0.739020699984394,None,0,15,15,0,22.82323980005458,,,,,22.816054399998393,22.82323980005458,23.323702400026377,23.323702400026377,23.323702400026377,24.077828600013163,r,1,0.739020699984394,None,,,,,3,001,2025-11-18_20h25.15.667,emotional stroop_untitled,,2025.1.1,60.12451788676241,2025-11-18 20h25.20.723610 +0530,
Paper,neutral,yellow,I,y,16,16,0,y,1,0.4001453000237234,None,0,16,16,15,24.0902885000105,,,,,24.08049530000426,24.0902885000105,24.5909506000462,24.5909506000462,24.5909506000462,24.99502970004687,y,1,0.4001453000237234,None,,,,,3,001,2025-11-18_20h25.15.667,emotional stroop_untitled,,2025.1.1,60.12451788676241,2025-11-18 20h25.20.723610 +0530,
Injury,emotional,green,I,g,17,17,0,g,1,0.7113013000343926,None,0,17,17,6,25.02264360000845,,,,,25.001297300041188,25.02264360000845,25.507041200005915,25.507041200005915,25.507041200005915,26.23026760003995,g,1,0.7113013000343926,None,,,,,3,001,2025-11-18_20h25.15.667,emotional stroop_untitled,,2025.1.1,60.12451788676241,2025-11-18 20h25.20.723610 +0530,
Threat,emotional,blue,I,b,18,18,0,b,1,0.5525618999963626,None,0,18,18,5,26.256112100032624,,,,,26.23486500000581,26.256112100032624,26.739777900045738,26.739777900045738,26.739777900045738,27.295264700020198,b,1,0.5525618999963626,None,,,,,3,001,2025-11-18_20h25.15.667,emotional stroop_untitled,,2025.1.1,60.12451788676241,2025-11-18 20h25.20.723610 +0530,
Anger,emotional,red,C,r,19,19,0,r,1,0.7419537999667227,None,0,19,19,8,27.3069167000358,,,,,27.299408000020776,27.3069167000358,27.80698080000002,27.80698080000002,27.80698080000002,28.561312000034377,r,1,0.7419537999667227,None,,,,,3,001,2025-11-18_20h25.15.667,emotional stroop_untitled,,2025.1.1,60.12451788676241,2025-11-18 20h25.20.723610 +0530,
Panic,emotional,yellow,I,y,20,0,1,y,1,1.3323648000368848,None,1,0,20,3,28.57355000003008,,,,,28.56404389999807,28.57355000003008,29.073411100020166,29.073411100020166,29.073411100020166,30.41073210001923,y,1,1.3323648000368848,None,,,,,3,001,2025-11-18_20h25.15.667,emotional stroop_untitled,,2025.1.1,60.12451788676241,2025-11-18 20h25.20.723610 +0530,
Book,neutral,blue,I,b,21,1,1,b,1,0.6262832999927923,None,1,1,21,17,30.423431000031997,,,,,30.41311520000454,30.423431000031997,30.923470000037923,30.923470000037923,30.923470000037923,31.559978600009345,b,1,0.6262832999927923,None,,,,,3,001,2025-11-18_20h25.15.667,emotional stroop_untitled,,2025.1.1,60.12451788676241,2025-11-18 20h25.20.723610 +0530,
Garden,neutral,red,I,r,22,2,1,r,1,0.7783031999715604,None,1,2,22,16,31.573199600039516,,,,,31.56357910000952,31.573199600039516,32.07507570000598,32.07507570000598,32.07507570000598,32.86050670000259,r,1,0.7783031999715604,None,,,,,3,001,2025-11-18_20h25.15.667,emotional stroop_untitled,,2025.1.1,60.12451788676241,2025-11-18 20h25.20.723610 +0530,
Stone,neutral,yellow,I,y,23,3,1,y,1,1.1990661000018008,None,1,3,23,19,32.87319650000427,,,,,32.863972300023306,32.87319650000427,33.3731144000194,33.3731144000194,33.3731144000194,34.57764060003683,y,1,1.1990661000018008,None,,,,,3,001,2025-11-18_20h25.15.667,emotional stroop_untitled,,2025.1.1,60.12451788676241,2025-11-18 20h25.20.723610 +0530,
Fear,emotional,red,C,r,24,4,1,r,1,0.8666375000029802,None,1,4,24,0,34.589732600026764,,,,,34.580860000045504,34.589732600026764,35.090100900037214,35.090100900037214,35.090100900037214,35.960662800003774,r,1,0.8666375000029802,None,,,,,3,001,2025-11-18_20h25.15.667,emotional stroop_untitled,,2025.1.1,60.12451788676241,2025-11-18 20h25.20.723610 +0530,
Table,neutral,blue,I,b,25,5,1,b,1,0.817719999991823,None,1,5,25,13,35.973065500031225,,,,,35.9635438999976,35.973065500031225,36.47343060001731,36.47343060001731,36.47343060001731,37.29363250004826,b,1,0.817719999991823,None,,,,,3,001,2025-11-18_20h25.15.667,emotional stroop_untitled,,2025.1.1,60.12451788676241,2025-11-18 20h25.20.723610 +0530,
Road,neutral,green,I,g,26,6,1,g,1,1.8023251999984495,None,1,6,26,18,37.306915800028946,,,,,37.29613390000304,37.306915800028946,37.80628780002007,37.80628780002007,37.80628780002007,39.610367400047835,g,1,1.8023251999984495,None,,,,,3,001,2025-11-18_20h25.15.667,emotional stroop_untitled,,2025.1.1,60.12451788676241,2025-11-18 20h25.20.723610 +0530,
Chair,neutral,green,I,g,27,7,1,g,1,0.5806218999787234,None,1,7,27,10,39.623255100043025,,,,,39.61302790004993,39.623255100043025,40.12263160001021,40.12263160001021,40.12263160001021,40.7098938000272,g,1,0.5806218999787234,None,,,,,3,001,2025-11-18_20h25.15.667,emotional stroop_untitled,,2025.1.1,60.12451788676241,2025-11-18 20h25.20.723610 +0530,
Violence,emotional,blue,I,b,28,8,1,b,1,1.8378823000239208,None,1,8,28,9,40.72271709999768,,,,,40.712822600035,40.72271709999768,41.2227957000141,41.2227957000141,41.2227957000141,43.07660930004204,b,1,1.8378823000239208,None,,,,,3,001,2025-11-18_20h25.15.667,emotional stroop_untitled,,2025.1.1,60.12451788676241,2025-11-18 20h25.20.723610 +0530,
Pain,emotional,blue,I,b,29,9,1,b,1,0.4953874000348151,None,1,9,29,1,43.08948720002081,,,,,43.07959860004485,43.08948720002081,43.589613100048155,43.589613100048155,43.589613100048155,44.093253099999856,b,1,0.4953874000348151,None,,,,,3,001,2025-11-18_20h25.15.667,emotional stroop_untitled,,2025.1.1,60.12451788676241,2025-11-18 20h25.20.723610 +0530,
Bottle,neutral,yellow,I,y,30,10,1,y,1,0.848333099973388,None,1,10,30,11,44.105863100034185,,,,,44.09657670004526,44.105863100034185,44.60627090005437,44.60627090005437,44.60627090005437,45.459586500015575,y,1,0.848333099973388,None,,,,,3,001,2025-11-18_20h25.15.667,emotional stroop_untitled,,2025.1.1,60.12451788676241,2025-11-18 20h25.20.723610 +0530,
Window,neutral,red,I,r,31,11,1,r,1,0.6874907000456005,None,1,11,31,12,45.47271890001139,,,,,45.463262300007045,45.47271890001139,45.97253730002558,45.97253730002558,45.97253730002558,46.67763250001008,r,1,0.6874907000456005,None,,,,,3,001,2025-11-18_20h25.15.667,emotional stroop_untitled,,2025.1.1,60.12451788676241,2025-11-18 20h25.20.723610 +0530,
Threat,emotional,blue,I,b,32,12,1,b,1,0.8254539999761619,None,1,12,32,5,46.68918450002093,,,,,46.680665000050794,46.68918450002093,47.18967849999899,47.18967849999899,47.18967849999899,48.02728370000841,b,1,0.8254539999761619,None,,,,,3,001,2025-11-18_20h25.15.667,emotional stroop_untitled,,2025.1.1,60.12451788676241,2025-11-18 20h25.20.723610 +0530,
Paper,neutral,yellow,I,y,33,13,1,y,1,0.6518381999921985,None,1,13,33,15,48.03916820004815,,,,,48.030398300033994,48.03916820004815,48.538872400007676,48.538872400007676,48.538872400007676,49.193553500052076,y,1,0.6518381999921985,None,,,,,3,001,2025-11-18_20h25.15.667,emotional stroop_untitled,,2025.1.1,60.12451788676241,2025-11-18 20h25.20.723610 +0530,
Abuse,emotional,red,C,r,34,14,1,r,1,0.5541376000037417,None,1,14,34,4,49.20601260004332,,,,,49.19676110002911,49.20601260004332,49.70577680005226,49.70577680005226,49.70577680005226,50.2766351000173,r,1,0.5541376000037417,None,,,,,3,001,2025-11-18_20h25.15.667,emotional stroop_untitled,,2025.1.1,60.12451788676241,2025-11-18 20h25.20.723610 +0530,
Injury,emotional,green,I,g,35,15,1,g,1,0.9953595999977551,None,1,15,35,6,50.28965770005016,,,,,50.279478000011295,50.28965770005016,50.788758800015785,50.788758800015785,50.788758800015785,51.79293080000207,g,1,0.9953595999977551,None,,,,,3,001,2025-11-18_20h25.15.667,emotional stroop_untitled,,2025.1.1,60.12451788676241,2025-11-18 20h25.20.723610 +0530,
Death,emotional,green,I,g,36,16,1,g,1,0.4664636999950744,None,1,16,36,2,51.806299500050955,,,,,51.79571080004098,51.806299500050955,52.306526600033976,52.306526600033976,52.306526600033976,52.77729230001569,g,1,0.4664636999950744,None,,,,,3,001,2025-11-18_20h25.15.667,emotional stroop_untitled,,2025.1.1,60.12451788676241,2025-11-18 20h25.20.723610 +0530,
Sadness,emotional,yellow,I,y,37,17,1,y,1,0.9414288999978453,None,1,17,37,7,52.789477100013755,,,,,52.781312600011006,52.789477100013755,53.28895910002757,53.28895910002757,53.28895910002757,54.242660200048704,y,1,0.9414288999978453,None,,,,,3,001,2025-11-18_20h25.15.667,emotional stroop_untitled,,2025.1.1,60.12451788676241,2025-11-18 20h25.20.723610 +0530,
Anger,emotional,red,C,r,38,18,1,r,1,0.6610634000389837,None,1,18,38,8,54.25577350001549,,,,,54.24601560004521,54.25577350001549,54.755806700035464,54.755806700035464,54.755806700035464,55.42525080003543,r,1,0.6610634000389837,None,,,,,3,001,2025-11-18_20h25.15.667,emotional stroop_untitled,,2025.1.1,60.12451788676241,2025-11-18 20h25.20.723610 +0530,
Pencil,neutral,green,I,g,39,19,1,g,1,1.2780933000030927,None,1,19,39,14,55.43909690005239,,,,,55.42799750005361,55.43909690005239,55.93965670000762,55.93965670000762,55.93965670000762,57.226526400016155,g,1,1.2780933000030927,None,,,,,3,001,2025-11-18_20h25.15.667,emotional stroop_untitled,,2025.1.1,60.12451788676241,2025-11-18 20h25.20.723610 +0530,
Bottle,neutral,yellow,I,y,40,0,2,y,1,0.7301167999976315,None,2,0,40,11,57.23895369999809,,,,,57.22988990001613,57.23895369999809,57.738884999998845,57.738884999998845,57.738884999998845,58.4763858000515,y,1,0.7301167999976315,None,,,,,3,001,2025-11-18_20h25.15.667,emotional stroop_untitled,,2025.1.1,60.12451788676241,2025-11-18 20h25.20.723610 +0530,
Window,neutral,red,I,r,41,1,2,r,1,0.690050000033807,None,2,1,41,12,58.488955900014844,,,,,58.479014500044286,58.488955900014844,58.989489100000355,58.989489100000355,58.989489100000355,59.6932890000171,r,1,0.690050000033807,None,,,,,3,001,2025-11-18_20h25.15.667,emotional stroop_untitled,,2025.1.1,60.12451788676241,2025-11-18 20h25.20.723610 +0530,
Fear,emotional,red,C,r,42,2,2,r,1,0.6099110000068322,None,2,2,42,0,59.70564480003668,,,,,59.69704090000596,59.70564480003668,60.20559360005427,60.20559360005427,60.20559360005427,60.82545490004122,r,1,0.6099110000068322,None,,,,,3,001,2025-11-18_20h25.15.667,emotional stroop_untitled,,2025.1.1,60.12451788676241,2025-11-18 20h25.20.723610 +0530,
Panic,emotional,yellow,I,y,43,3,2,y,1,0.6716010000091046,None,2,3,43,3,60.83887970005162,,,,,60.82839209999656,60.83887970005162,61.33860650000861,61.33860650000861,61.33860650000861,62.025633900018875,y,1,0.6716010000091046,None,,,,,3,001,2025-11-18_20h25.15.667,emotional stroop_untitled,,2025.1.1,60.12451788676241,2025-11-18 20h25.20.723610 +0530,
Injury,emotional,green,I,g,44,4,2,y,0,0.5517395000206307,None,2,4,44,6,62.039000800054055,,,,,62.029018400004134,62.039000800054055,62.53870230005123,62.53870230005123,62.53870230005123,63.092495000048075,y,0,0.5517395000206307,None,,,,,3,001,2025-11-18_20h25.15.667,emotional stroop_untitled,,2025.1.1,60.12451788676241,2025-11-18 20h25.20.723610 +0530,
Garden,neutral,red,I,r,45,5,2,r,1,0.766762200044468,None,2,5,45,16,63.105273900029715,,,,,63.09513660002267,63.105273900029715,63.60532740002964,63.60532740002964,63.60532740002964,64.37617709999904,r,1,0.766762200044468,None,,,,,3,001,2025-11-18_20h25.15.667,emotional stroop_untitled,,2025.1.1,60.12451788676241,2025-11-18 20h25.20.723610 +0530,
Book,neutral,blue,I,b,46,6,2,b,1,1.1928365000057966,None,2,6,46,17,64.38840970001183,,,,,64.37899140000809,64.38840970001183,64.88895040005445,64.88895040005445,64.88895040005445,66.09253590001026,b,1,1.1928365000057966,None,,,,,3,001,2025-11-18_20h25.15.667,emotional stroop_untitled,,2025.1.1,60.12451788676241,2025-11-18 20h25.20.723610 +0530,
Table,neutral,blue,I,b,47,7,2,b,1,0.8016473999596201,None,2,7,47,13,66.10554520000005,,,,,66.09517100005178,66.10554520000005,66.60659650003072,66.60659650003072,66.60659650003072,67.40976150002098,b,1,0.8016473999596201,None,,,,,3,001,2025-11-18_20h25.15.667,emotional stroop_untitled,,2025.1.1,60.12451788676241,2025-11-18 20h25.20.723610 +0530,
Paper,neutral,yellow,I,y,48,8,2,y,1,0.9546311000012793,None,2,8,48,15,67.42129440000281,,,,,67.41257210000185,67.42129440000281,67.92162670003017,67.92162670003017,67.92162670003017,68.89242810005089,y,1,0.9546311000012793,None,,,,,3,001,2025-11-18_20h25.15.667,emotional stroop_untitled,,2025.1.1,60.12451788676241,2025-11-18 20h25.20.723610 +0530,
Sadness,emotional,yellow,I,y,49,9,2,y,1,0.4916520999977365,None,2,9,49,7,68.90507620002609,,,,,68.8960505000432,68.90507620002609,69.40522650000639,69.40522650000639,69.40522650000639,69.90922270005103,y,1,0.4916520999977365,None,,,,,3,001,2025-11-18_20h25.15.667,emotional stroop_untitled,,2025.1.1,60.12451788676241,2025-11-18 20h25.20.723610 +0530,
Anger,emotional,red,C,r,50,10,2,r,1,0.4940839999471791,None,2,10,50,8,69.92195290001109,,,,,69.9119161000126,69.92195290001109,70.42146290000528,70.42146290000528,70.42146290000528,70.92482990003191,r,1,0.4940839999471791,None,,,,,3,001,2025-11-18_20h25.15.667,emotional stroop_untitled,,2025.1.1,60.12451788676241,2025-11-18 20h25.20.723610 +0530,
Pencil,neutral,green,I,g,51,11,2,y,0,0.6267613000236452,None,2,11,51,14,70.93789150001248,,,,,70.92747600004077,70.93789150001248,71.43845430004876,71.43845430004876,71.43845430004876,72.07459350000136,y,0,0.6267613000236452,None,,,,,3,001,2025-11-18_20h25.15.667,emotional stroop_untitled,,2025.1.1,60.12451788676241,2025-11-18 20h25.20.723610 +0530,
Stone,neutral,yellow,I,y,52,12,2,y,1,1.0438907999778166,None,2,12,52,19,72.0887219000142,,,,,72.07765910000307,72.0887219000142,72.58856500004185,72.58856500004185,72.58856500004185,73.641599900031,y,1,1.0438907999778166,None,,,,,3,001,2025-11-18_20h25.15.667,emotional stroop_untitled,,2025.1.1,60.12451788676241,2025-11-18 20h25.20.723610 +0530,
Road,neutral,green,I,g,53,13,2,g,1,0.5590193000389263,None,2,13,53,18,73.65474720002385,,,,,73.64431270002387,73.65474720002385,74.1549877000507,74.1549877000507,74.1549877000507,74.72514770005364,g,1,0.5590193000389263,None,,,,,3,001,2025-11-18_20h25.15.667,emotional stroop_untitled,,2025.1.1,60.12451788676241,2025-11-18 20h25.20.723610 +0530,
Death,emotional,green,I,g,54,14,2,g,1,0.4856431999942288,None,2,14,54,2,74.73861650004983,,,,,74.72775070002535,74.73861650004983,75.23782380000921,75.23782380000921,75.23782380000921,75.72548990003997,g,1,0.4856431999942288,None,,,,,3,001,2025-11-18_20h25.15.667,emotional stroop_untitled,,2025.1.1,60.12451788676241,2025-11-18 20h25.20.723610 +0530,
Threat,emotional,blue,I,b,55,15,2,b,1,0.7104456999804825,None,2,15,55,5,75.7380383000127,,,,,75.72811310004909,75.7380383000127,76.23845580004854,76.23845580004854,76.23845580004854,76.9589113999973,b,1,0.7104456999804825,None,,,,,3,001,2025-11-18_20h25.15.667,emotional stroop_untitled,,2025.1.1,60.12451788676241,2025-11-18 20h25.20.723610 +0530,
Chair,neutral,green,I,g,56,16,2,g,1,0.6672449000179768,None,2,16,56,10,76.97155660000863,,,,,76.96292020002147,76.97155660000863,77.47146830003476,77.47146830003476,77.47146830003476,78.14195290004136,g,1,0.6672449000179768,None,,,,,3,001,2025-11-18_20h25.15.667,emotional stroop_untitled,,2025.1.1,60.12451788676241,2025-11-18 20h25.20.723610 +0530,
Violence,emotional,blue,I,b,57,17,2,b,1,0.5345420999801718,None,2,17,57,9,78.15458860003855,,,,,78.14571940002497,78.15458860003855,78.6542956000194,78.6542956000194,78.6542956000194,79.19246050005313,b,1,0.5345420999801718,None,,,,,3,001,2025-11-18_20h25.15.667,emotional stroop_untitled,,2025.1.1,60.12451788676241,2025-11-18 20h25.20.723610 +0530,
Pain,emotional,blue,I,b,58,18,2,b,1,0.6802659999812022,None,2,18,58,1,79.20459740003571,,,,,79.19602270005271,79.20459740003571,79.70460940001067,79.70460940001067,79.70460940001067,80.3919572000159,b,1,0.6802659999812022,None,,,,,3,001,2025-11-18_20h25.15.667,emotional stroop_untitled,,2025.1.1,60.12451788676241,2025-11-18 20h25.20.723610 +0530,
Abuse,emotional,red,C,r,59,19,2,r,1,0.9196988000185229,None,2,19,59,4,80.40491250000196,,,,,80.39559110003756,80.40491250000196,80.90483100002166,80.90483100002166,80.90483100002166,81.82577200001106,r,1,0.9196988000185229,None,,,,,3,001,2025-11-18_20h25.15.667,emotional stroop_untitled,,2025.1.1,60.12451788676241,2025-11-18 20h25.20.723610 +0530,
Injury,emotional,green,I,g,60,0,3,g,1,1.566038999997545,None,3,0,60,6,81.83786880003754,,,,,81.8291850000387,81.83786880003754,82.33853870001622,82.33853870001622,82.33853870001622,83.9091418000171,g,1,1.566038999997545,None,,,,,3,001,2025-11-18_20h25.15.667,emotional stroop_untitled,,2025.1.1,60.12451788676241,2025-11-18 20h25.20.723610 +0530,
Chair,neutral,green,I,g,61,1,3,g,1,0.5417062999913469,None,3,1,61,10,83.92092980002053,,,,,83.91169600002468,83.92092980002053,84.4208181000431,84.4208181000431,84.4208181000431,84.97444680001354,g,1,0.5417062999913469,None,,,,,3,001,2025-11-18_20h25.15.667,emotional stroop_untitled,,2025.1.1,60.12451788676241,2025-11-18 20h25.20.723610 +0530,
Road,neutral,green,I,g,62,2,3,g,1,0.6033591000013985,None,3,2,62,18,84.98805929999799,,,,,84.97688830003608,84.98805929999799,85.48756980005419,85.48756980005419,85.48756980005419,86.0915176999988,g,1,0.6033591000013985,None,,,,,3,001,2025-11-18_20h25.15.667,emotional stroop_untitled,,2025.1.1,60.12451788676241,2025-11-18 20h25.20.723610 +0530,
Fear,emotional,red,C,r,63,3,3,r,1,1.2632963999640197,None,3,3,63,0,86.10430410003755,,,,,86.09402509999927,86.10430410003755,86.60464140004478,86.60464140004478,86.60464140004478,87.87477029999718,r,1,1.2632963999640197,None,,,,,3,001,2025-11-18_20h25.15.667,emotional stroop_untitled,,2025.1.1,60.12451788676241,2025-11-18 20h25.20.723610 +0530,
Panic,emotional,yellow,I,y,64,4,3,y,1,1.0677914000116289,None,3,4,64,3,87.88741220004158,,,,,87.87738860002719,87.88741220004158,88.38866779999807,88.38866779999807,88.38866779999807,89.45930840005167,y,1,1.0677914000116289,None,,,,,3,001,2025-11-18_20h25.15.667,emotional stroop_untitled,,2025.1.1,60.12451788676241,2025-11-18 20h25.20.723610 +0530,
Sadness,emotional,yellow,I,y,65,5,3,y,1,0.8225355999893509,None,3,5,65,7,89.47097210003994,,,,,89.46218400000362,89.47097210003994,89.97132700000657,89.97132700000657,89.97132700000657,90.80815180001082,y,1,0.8225355999893509,None,,,,,3,001,2025-11-18_20h25.15.667,emotional stroop_untitled,,2025.1.1,60.12451788676241,2025-11-18 20h25.20.723610 +0530,
Threat,emotional,blue,I,b,66,6,3,b,1,0.8054826000006869,None,3,6,66,5,90.82098770001903,,,,,90.8126594000496,90.82098770001903,91.32081130001461,91.32081130001461,91.32081130001461,92.14197490003426,b,1,0.8054826000006869,None,,,,,3,001,2025-11-18_20h25.15.667,emotional stroop_untitled,,2025.1.1,60.12451788676241,2025-11-18 20h25.20.723610 +0530,
Stone,neutral,yellow,I,y,67,7,3,y,1,0.7524099000147544,None,3,7,67,19,92.15448690002086,,,,,92.14486570004374,92.15448690002086,92.65438340004766,92.65438340004766,92.65438340004766,93.40933720004978,y,1,0.7524099000147544,None,,,,,3,001,2025-11-18_20h25.15.667,emotional stroop_untitled,,2025.1.1,60.12451788676241,2025-11-18 20h25.20.723610 +0530,
Book,neutral,blue,I,b,68,8,3,b,1,0.7834178999764845,None,3,8,68,17,93.42068670003209,,,,,93.41352890001144,93.42068670003209,93.9205529000028,93.9205529000028,93.9205529000028,94.70827060000738,b,1,0.7834178999764845,None,,,,,3,001,2025-11-18_20h25.15.667,emotional stroop_untitled,,2025.1.1,60.12451788676241,2025-11-18 20h25.20.723610 +0530,
Anger,emotional,red,C,r,69,9,3,r,1,0.5170304999919608,None,3,9,69,8,94.72052160004387,,,,,94.71210640005302,94.72052160004387,95.22091940004611,95.22091940004611,95.22091940004611,95.74124430003576,r,1,0.5170304999919608,None,,,,,3,001,2025-11-18_20h25.15.667,emotional stroop_untitled,,2025.1.1,60.12451788676241,2025-11-18 20h25.20.723610 +0530,
Table,neutral,blue,I,b,70,10,3,b,1,0.6445528999902308,None,3,10,70,13,95.75397310004337,,,,,95.74439280002844,95.75397310004337,96.2535549000022,96.2535549000022,96.2535549000022,96.90771350002615,b,1,0.6445528999902308,None,,,,,3,001,2025-11-18_20h25.15.667,emotional stroop_untitled,,2025.1.1,60.12451788676241,2025-11-18 20h25.20.723610 +0530,
Window,neutral,red,I,r,71,11,3,r,1,0.7834244999685325,None,3,11,71,12,96.92107480001869,,,,,96.91078330000164,96.92107480001869,97.42225440003676,97.42225440003676,97.42225440003676,98.20772870001383,r,1,0.7834244999685325,None,,,,,3,001,2025-11-18_20h25.15.667,emotional stroop_untitled,,2025.1.1,60.12451788676241,2025-11-18 20h25.20.723610 +0530,
Pencil,neutral,green,I,g,72,12,3,g,1,0.6347753999871202,None,3,12,72,14,98.22058260004269,,,,,98.21082130004652,98.22058260004269,98.7204558000085,98.7204558000085,98.7204558000085,99.35761760000605,g,1,0.6347753999871202,None,,,,,3,001,2025-11-18_20h25.15.667,emotional stroop_untitled,,2025.1.1,60.12451788676241,2025-11-18 20h25.20.723610 +0530,
Pain,emotional,blue,I,b,73,13,3,r,0,0.5885347999865189,None,3,13,73,1,99.37078310002107,,,,,99.36020480003208,99.37078310002107,99.87115410005208,99.87115410005208,99.87115410005208,100.47448900004383,r,0,0.5885347999865189,None,,,,,3,001,2025-11-18_20h25.15.667,emotional stroop_untitled,,2025.1.1,60.12451788676241,2025-11-18 20h25.20.723610 +0530,
Death,emotional,green,I,g,74,14,3,y,0,1.3914404999813996,None,3,14,74,2,100.4869315000251,,,,,100.47723140002927,100.4869315000251,100.98708880000049,100.98708880000049,100.98708880000049,102.39222390000941,y,0,1.3914404999813996,None,,,,,3,001,2025-11-18_20h25.15.667,emotional stroop_untitled,,2025.1.1,60.12451788676241,2025-11-18 20h25.20.723610 +0530,
Garden,neutral,red,I,r,75,15,3,r,1,1.0332280000438914,None,3,15,75,16,102.4044146000524,,,,,102.39579030004097,102.4044146000524,102.9042793000117,102.9042793000117,102.9042793000117,103.94087670004228,r,1,1.0332280000438914,None,,,,,3,001,2025-11-18_20h25.15.667,emotional stroop_untitled,,2025.1.1,60.12451788676241,2025-11-18 20h25.20.723610 +0530,
Violence,emotional,blue,I,b,76,16,3,b,1,0.7550989000010304,None,3,16,76,9,103.95343930000672,,,,,103.94376130000455,103.95343930000672,104.45334270002786,104.45334270002786,104.45334270002786,105.22395320003852,b,1,0.7550989000010304,None,,,,,3,001,2025-11-18_20h25.15.667,emotional stroop_untitled,,2025.1.1,60.12451788676241,2025-11-18 20h25.20.723610 +0530,
Abuse,emotional,red,C,r,77,17,3,r,1,0.6357648000121117,None,3,17,77,4,105.23705130000599,,,,,105.22729360003723,105.23705130000599,105.73780570004601,105.73780570004601,105.73780570004601,106.37523300002795,r,1,0.6357648000121117,None,,,,,3,001,2025-11-18_20h25.15.667,emotional stroop_untitled,,2025.1.1,60.12451788676241,2025-11-18 20h25.20.723610 +0530,
Paper,neutral,yellow,I,y,78,18,3,y,1,0.955043800000567,None,3,18,78,15,106.38667460001307,,,,,106.37914220005041,106.38667460001307,106.88713899999857,106.88713899999857,106.88713899999857,107.85750280000502,y,1,0.955043800000567,None,,,,,3,001,2025-11-18_20h25.15.667,emotional stroop_untitled,,2025.1.1,60.12451788676241,2025-11-18 20h25.20.723610 +0530,
Bottle,neutral,yellow,I,y,79,19,3,y,1,0.5310215000063181,None,3,19,79,11,107.86994750000304,,,,,107.86044479999691,107.86994750000304,108.37043230002746,108.37043230002746,108.37043230002746,108.9072479000315,y,1,0.5310215000063181,None,,,,,3,001,2025-11-18_20h25.15.667,emotional stroop_untitled,,2025.1.1,60.12451788676241,2025-11-18 20h25.20.723610 +0530,
Injury,emotional,green,I,g,80,0,4,g,1,0.808043800003361,None,4,0,80,6,108.92058780003572,,,,,108.91021610004827,108.92058780003572,109.42018110002391,109.42018110002391,109.42018110002391,110.24077350000152,g,1,0.808043800003361,None,,,,,3,001,2025-11-18_20h25.15.667,emotional stroop_untitled,,2025.1.1,60.12451788676241,2025-11-18 20h25.20.723610 +0530,
Death,emotional,green,I,g,81,1,4,g,1,0.6046576999942772,None,4,1,81,2,110.25429990002885,,,,,110.24444249999942,110.25429990002885,110.7531738000107,110.7531738000107,110.7531738000107,111.3589300000458,g,1,0.6046576999942772,None,,,,,3,001,2025-11-18_20h25.15.667,emotional stroop_untitled,,2025.1.1,60.12451788676241,2025-11-18 20h25.20.723610 +0530,
Bottle,neutral,yellow,I,y,82,2,4,y,1,1.3249778999597766,None,4,2,82,11,111.37011270003859,,,,,111.3623951000045,111.37011270003859,111.87043580005411,111.87043580005411,111.87043580005411,113.20662230002927,y,1,1.3249778999597766,None,,,,,3,001,2025-11-18_20h25.15.667,emotional stroop_untitled,,2025.1.1,60.12451788676241,2025-11-18 20h25.20.723610 +0530,
Abuse,emotional,red,C,r,83,3,4,b,0,0.7803993000416085,None,4,3,83,4,113.21956070000306,,,,,113.21024400001625,113.21956070000306,113.72053260001121,113.72053260001121,113.72053260001121,114.5069041000097,b,0,0.7803993000416085,None,,,,,3,001,2025-11-18_20h25.15.667,emotional stroop_untitled,,2025.1.1,60.12451788676241,2025-11-18 20h25.20.723610 +0530,
Anger,emotional,red,C,r,84,4,4,b,0,0.586612300015986,None,4,4,84,8,114.51982139999745,,,,,114.51006380002946,114.51982139999745,115.01968470000429,115.01968470000429,115.01968470000429,115.60786530002952,b,0,0.586612300015986,None,,,,,3,001,2025-11-18_20h25.15.667,emotional stroop_untitled,,2025.1.1,60.12451788676241,2025-11-18 20h25.20.723610 +0530,
Garden,neutral,red,I,r,85,5,4,b,0,0.8596650000545196,None,4,5,85,16,115.61955040000612,,,,,115.61089700000593,115.61955040000612,116.12013670004671,116.12013670004671,116.12013670004671,116.99001090001548,b,0,0.8596650000545196,None,,,,,3,001,2025-11-18_20h25.15.667,emotional stroop_untitled,,2025.1.1,60.12451788676241,2025-11-18 20h25.20.723610 +0530,
Table,neutral,blue,I,b,86,6,4,b,1,1.5291044000186957,None,4,6,86,13,117.00315990002127,,,,,116.99345700000413,117.00315990002127,117.503297200019,117.503297200019,117.503297200019,119.0399246000452,b,1,1.5291044000186957,None,,,,,3,001,2025-11-18_20h25.15.667,emotional stroop_untitled,,2025.1.1,60.12451788676241,2025-11-18 20h25.20.723610 +0530,
Pencil,neutral,green,I,g,87,7,4,g,1,0.9270737000042573,None,4,7,87,14,119.05328410002403,,,,,119.04323660000227,119.05328410002403,119.55291580001358,119.55291580001358,119.55291580001358,120.4897441000212,g,1,0.9270737000042573,None,,,,,3,001,2025-11-18_20h25.15.667,emotional stroop_untitled,,2025.1.1,60.12451788676241,2025-11-18 20h25.20.723610 +0530,
Fear,emotional,red,C,r,88,8,4,r,1,0.8133120999555103,None,4,8,88,0,120.50318450003397,,,,,120.49368770001456,120.50318450003397,121.00279020000016,121.00279020000016,121.00279020000016,121.82329349999782,r,1,0.8133120999555103,None,,,,,3,001,2025-11-18_20h25.15.667,emotional stroop_untitled,,2025.1.1,60.12451788676241,2025-11-18 20h25.20.723610 +0530,
Road,neutral,green,I,g,89,9,4,g,1,0.6328299000160769,None,4,9,89,18,121.83654170000227,,,,,121.82637510000495,121.83654170000227,122.33634999999776,122.33634999999776,122.33634999999776,122.97298600000795,g,1,0.6328299000160769,None,,,,,3,001,2025-11-18_20h25.15.667,emotional stroop_untitled,,2025.1.1,60.12451788676241,2025-11-18 20h25.20.723610 +0530,
Window,neutral,red,I,r,90,10,4,r,1,0.5254505000193603,None,4,10,90,12,122.98649979999755,,,,,122.9760215000133,122.98649979999755,123.48642420000397,123.48642420000397,123.48642420000397,124.02310560003389,r,1,0.5254505000193603,None,,,,,3,001,2025-11-18_20h25.15.667,emotional stroop_untitled,,2025.1.1,60.12451788676241,2025-11-18 20h25.20.723610 +0530,
Book,neutral,blue,I,b,91,11,4,b,1,0.7081010000547394,None,4,11,91,17,124.03590620000614,,,,,124.02594650001265,124.03590620000614,124.5360419000499,124.5360419000499,124.5360419000499,125.25587870000163,b,1,0.7081010000547394,None,,,,,3,001,2025-11-18_20h25.15.667,emotional stroop_untitled,,2025.1.1,60.12451788676241,2025-11-18 20h25.20.723610 +0530,
Threat,emotional,blue,I,b,92,12,4,b,1,0.7680852999910712,None,4,12,92,5,125.26914899999974,,,,,125.25858670001617,125.26914899999974,125.76929550000932,125.76929550000932,125.76929550000932,126.54044609999983,b,1,0.7680852999910712,None,,,,,3,001,2025-11-18_20h25.15.667,emotional stroop_untitled,,2025.1.1,60.12451788676241,2025-11-18 20h25.20.723610 +0530,
Pain,emotional,blue,I,b,93,13,4,b,1,0.3959002000046894,None,4,13,93,1,126.5530596000026,,,,,126.54291790002026,126.5530596000026,127.05288670002483,127.05288670002483,127.05288670002483,127.45700500003295,b,1,0.3959002000046894,None,,,,,3,001,2025-11-18_20h25.15.667,emotional stroop_untitled,,2025.1.1,60.12451788676241,2025-11-18 20h25.20.723610 +0530,
Paper,neutral,yellow,I,y,94,14,4,y,1,0.7092107000062242,None,4,14,94,15,127.46959520003293,,,,,127.46020820003469,127.46959520003293,127.96953900001245,127.96953900001245,127.96953900001245,128.69094180001412,y,1,0.7092107000062242,None,,,,,3,001,2025-11-18_20h25.15.667,emotional stroop_untitled,,2025.1.1,60.12451788676241,2025-11-18 20h25.20.723610 +0530,
Panic,emotional,yellow,I,y,95,15,4,y,1,0.5261218000086956,None,4,15,95,3,128.7023729000357,,,,,128.69460220000474,128.7023729000357,129.2026201999979,129.2026201999979,129.2026201999979,129.739401000028,y,1,0.5261218000086956,None,,,,,3,001,2025-11-18_20h25.15.667,emotional stroop_untitled,,2025.1.1,60.12451788676241,2025-11-18 20h25.20.723610 +0530,
Violence,emotional,blue,I,b,96,16,4,b,1,0.6821480999933556,None,4,16,96,9,129.7525265000295,,,,,129.74264380004024,129.7525265000295,130.25249220000114,130.25249220000114,130.25249220000114,130.94057530001737,b,1,0.6821480999933556,None,,,,,3,001,2025-11-18_20h25.15.667,emotional stroop_untitled,,2025.1.1,60.12451788676241,2025-11-18 20h25.20.723610 +0530,
Chair,neutral,green,I,g,97,17,4,g,1,0.5112146000028588,None,4,17,97,10,130.95313840004383,,,,,130.94421610003337,130.95313840004383,131.45249740005238,131.45249740005238,131.45249740005238,131.97243320004782,g,1,0.5112146000028588,None,,,,,3,001,2025-11-18_20h25.15.667,emotional stroop_untitled,,2025.1.1,60.12451788676241,2025-11-18 20h25.20.723610 +0530,
Stone,neutral,yellow,I,y,98,18,4,y,1,0.6531721000210382,None,4,18,98,19,131.9857364000054,,,,,131.97591730003478,131.9857364000054,132.4866334000253,132.4866334000253,132.4866334000253,133.156341599999,y,1,0.6531721000210382,None,,,,,3,001,2025-11-18_20h25.15.667,emotional stroop_untitled,,2025.1.1,60.12451788676241,2025-11-18 20h25.20.723610 +0530,
Sadness,emotional,yellow,I,y,99,19,4,y,1,0.5097613999969326,None,4,19,99,7,133.16898590000346,,,,,133.15967280004406,133.16898590000346,133.66896680003265,133.66896680003265,133.66896680003265,134.18940290005412,y,1,0.5097613999969326,None,,,,,3,001,2025-11-18_20h25.15.667,emotional stroop_untitled,,2025.1.1,60.12451788676241,2025-11-18 20h25.20.723610 +0530,
Violence,emotional,blue,I,b,100,0,5,b,1,0.6585644999868236,None,5,0,100,9,134.20242860005237,,,,,134.19256760005374,134.20242860005237,134.70189340005163,134.70189340005163,134.70189340005163,135.37295099999756,b,1,0.6585644999868236,None,,,,,3,001,2025-11-18_20h25.15.667,emotional stroop_untitled,,2025.1.1,60.12451788676241,2025-11-18 20h25.20.723610 +0530,
Anger,emotional,red,C,r,101,1,5,r,1,0.589508900011424,None,5,1,101,8,135.38533990003634,,,,,135.37602880003396,135.38533990003634,135.8856857000501,135.8856857000501,135.8856857000501,136.48970289999852,r,1,0.589508900011424,None,,,,,3,001,2025-11-18_20h25.15.667,emotional stroop_untitled,,2025.1.1,60.12451788676241,2025-11-18 20h25.20.723610 +0530,
Garden,neutral,red,I,r,102,2,5,r,1,0.4317488000378944,None,5,2,102,16,136.50197500002105,,,,,136.49322560004657,136.50197500002105,137.0021891000215,137.0021891000215,137.0021891000215,137.43970320001245,r,1,0.4317488000378944,None,,,,,3,001,2025-11-18_20h25.15.667,emotional stroop_untitled,,2025.1.1,60.12451788676241,2025-11-18 20h25.20.723610 +0530,
Abuse,emotional,red,C,r,103,3,5,r,1,0.40446829999564216,None,5,3,103,4,137.45254970004316,,,,,137.4423418000224,137.45254970004316,137.9522805000306,137.9522805000306,137.9522805000306,138.37273030000506,r,1,0.40446829999564216,None,,,,,3,001,2025-11-18_20h25.15.667,emotional stroop_untitled,,2025.1.1,60.12451788676241,2025-11-18 20h25.20.723610 +0530,
Threat,emotional,blue,I,b,104,4,5,b,1,0.879030900017824,None,5,4,104,5,138.385391000018,,,,,138.37561300001107,138.385391000018,138.88601960003143,138.88601960003143,138.88601960003143,139.77368320000824,b,1,0.879030900017824,None,,,,,3,001,2025-11-18_20h25.15.667,emotional stroop_untitled,,2025.1.1,60.12451788676241,2025-11-18 20h25.20.723610 +0530,
Bottle,neutral,yellow,I,y,105,5,5,g,0,0.6643085000105202,None,5,5,105,11,139.78518250002526,,,,,139.77738660003524,139.78518250002526,140.28590850002365,140.28590850002365,140.28590850002365,140.95641430001706,g,0,0.6643085000105202,None,,,,,3,001,2025-11-18_20h25.15.667,emotional stroop_untitled,,2025.1.1,60.12451788676241,2025-11-18 20h25.20.723610 +0530,
Death,emotional,green,I,g,106,6,5,g,1,0.535893100022804,None,5,6,106,2,140.96894839999732,,,,,140.95950250001624,140.96894839999732,141.46928940003272,141.46928940003272,141.46928940003272,142.0056066000252,g,1,0.535893100022804,None,,,,,3,001,2025-11-18_20h25.15.667,emotional stroop_untitled,,2025.1.1,60.12451788676241,2025-11-18 20h25.20.723610 +0530,
Sadness,emotional,yellow,I,y,107,7,5,y,1,0.5790839999681339,None,5,7,107,7,142.01885890000267,,,,,142.00932720000856,142.01885890000267,142.51850689999992,142.51850689999992,142.51850689999992,143.10542730003363,y,1,0.5790839999681339,None,,,,,3,001,2025-11-18_20h25.15.667,emotional stroop_untitled,,2025.1.1,60.12451788676241,2025-11-18 20h25.20.723610 +0530,
Table,neutral,blue,I,b,108,8,5,b,1,0.6151502999709919,None,5,8,108,13,143.11861080001108,,,,,143.10839560005115,143.11861080001108,143.61894640000537,143.61894640000537,143.61894640000537,144.23938220000127,b,1,0.6151502999709919,None,,,,,3,001,2025-11-18_20h25.15.667,emotional stroop_untitled,,2025.1.1,60.12451788676241,2025-11-18 20h25.20.723610 +0530,
Paper,neutral,yellow,I,y,109,9,5,y,1,0.8842026000493206,None,5,9,109,15,144.25205230002757,,,,,144.24318650003988,144.25205230002757,144.75259730004473,144.75259730004473,144.75259730004473,145.6391865000478,y,1,0.8842026000493206,None,,,,,3,001,2025-11-18_20h25.15.667,emotional stroop_untitled,,2025.1.1,60.12451788676241,2025-11-18 20h25.20.723610 +0530,
Fear,emotional,red,C,r,110,10,5,r,1,0.6407001999905333,None,5,10,110,0,145.65182930004084,,,,,145.64170480001485,145.65182930004084,146.15091020002728,146.15091020002728,146.15091020002728,146.80450620001648,r,1,0.6407001999905333,None,,,,,3,001,2025-11-18_20h25.15.667,emotional stroop_untitled,,2025.1.1,60.12451788676241,2025-11-18 20h25.20.723610 +0530,
Chair,neutral,green,I,g,111,11,5,g,1,0.947510100028012,None,5,11,111,10,146.81730890000472,,,,,146.80775220005307,146.81730890000472,147.31956700002775,147.31956700002775,147.31956700002775,148.27081060002092,g,1,0.947510100028012,None,,,,,3,001,2025-11-18_20h25.15.667,emotional stroop_untitled,,2025.1.1,60.12451788676241,2025-11-18 20h25.20.723610 +0530,
Panic,emotional,yellow,I,y,112,12,5,y,1,1.0612978999852203,None,5,12,112,3,148.28448600001866,,,,,148.2735247000237,148.28448600001866,148.78373880003346,148.78373880003346,148.78373880003346,149.85470720002195,y,1,1.0612978999852203,None,,,,,3,001,2025-11-18_20h25.15.667,emotional stroop_untitled,,2025.1.1,60.12451788676241,2025-11-18 20h25.20.723610 +0530,
Stone,neutral,yellow,I,y,113,13,5,y,1,0.44341379997786134,None,5,13,113,19,149.86728130001575,,,,,149.85759580001468,149.86728130001575,150.36730480002007,150.36730480002007,150.36730480002007,150.82110220001778,y,1,0.44341379997786134,None,,,,,3,001,2025-11-18_20h25.15.667,emotional stroop_untitled,,2025.1.1,60.12451788676241,2025-11-18 20h25.20.723610 +0530,
Window,neutral,red,I,r,114,14,5,r,1,1.3419376999954693,None,5,14,114,12,150.83406290004496,,,,,150.82347660005325,150.83406290004496,151.33418270002585,151.33418270002585,151.33418270002585,152.688479000004,r,1,1.3419376999954693,None,,,,,3,001,2025-11-18_20h25.15.667,emotional stroop_untitled,,2025.1.1,60.12451788676241,2025-11-18 20h25.20.723610 +0530,
Injury,emotional,green,I,g,115,15,5,b,0,0.7181764999986626,None,5,15,115,6,152.70188010000857,,,,,152.69104540004628,152.70188010000857,153.20305599999847,153.20305599999847,153.20305599999847,153.92172240000218,b,0,0.7181764999986626,None,,,,,3,001,2025-11-18_20h25.15.667,emotional stroop_untitled,,2025.1.1,60.12451788676241,2025-11-18 20h25.20.723610 +0530,
Pain,emotional,blue,I,b,116,16,5,b,1,0.4557885000249371,None,5,16,116,1,153.93467490002513,,,,,153.92435990000376,153.93467490002513,154.4348178000073,154.4348178000073,154.4348178000073,154.90612260001944,b,1,0.4557885000249371,None,,,,,3,001,2025-11-18_20h25.15.667,emotional stroop_untitled,,2025.1.1,60.12451788676241,2025-11-18 20h25.20.723610 +0530,
Road,neutral,green,I,g,117,17,5,g,1,1.3771563000045717,None,5,17,117,18,154.9181796000339,,,,,154.91045360005228,154.9181796000339,155.4181708000251,155.4181708000251,155.4181708000251,156.80329190002521,g,1,1.3771563000045717,None,,,,,3,001,2025-11-18_20h25.15.667,emotional stroop_untitled,,2025.1.1,60.12451788676241,2025-11-18 20h25.20.723610 +0530,
Book,neutral,blue,I,b,118,18,5,b,1,0.8811386000015773,None,5,18,118,17,156.8167242000345,,,,,156.80573960003676,156.8167242000345,157.31669440004043,157.31669440004043,157.31669440004043,158.20308639999712,b,1,0.8811386000015773,None,,,,,3,001,2025-11-18_20h25.15.667,emotional stroop_untitled,,2025.1.1,60.12451788676241,2025-11-18 20h25.20.723610 +0530,
Pencil,neutral,green,I,g,119,19,5,g,1,1.3046284000156447,None,5,19,119,14,158.21664170001168,,,,,158.20541920000687,158.21664170001168,158.716996400035,158.716996400035,158.716996400035,160.03793849999784,g,1,1.3046284000156447,None,,,,,3,001,2025-11-18_20h25.15.667,emotional stroop_untitled,,2025.1.1,60.12451788676241,2025-11-18 20h25.20.723610 +0530,
Window,neutral,red,I,r,120,0,6,r,1,0.873993800021708,None,6,0,120,12,160.0509696000372,,,,,160.04043030005414,160.0509696000372,160.5514180000173,160.5514180000173,160.5514180000173,161.437887600041,r,1,0.873993800021708,None,,,,,3,001,2025-11-18_20h25.15.667,emotional stroop_untitled,,2025.1.1,60.12451788676241,2025-11-18 20h25.20.723610 +0530,
Fear,emotional,red,C,r,121,1,6,r,1,0.4531688999850303,None,6,1,121,0,161.45221720001427,,,,,161.44057000003522,161.45221720001427,161.95189290004782,161.95189290004782,161.95189290004782,162.4058787000249,r,1,0.4531688999850303,None,,,,,3,001,2025-11-18_20h25.15.667,emotional stroop_untitled,,2025.1.1,60.12451788676241,2025-11-18 20h25.20.723610 +0530,
Road,neutral,green,I,g,122,2,6,g,1,1.085148299986031,None,6,2,122,18,162.41830570000457,,,,,162.40850930003216,162.41830570000457,162.91735820000758,162.91735820000758,162.91735820000758,164.00646570004756,g,1,1.085148299986031,None,,,,,3,001,2025-11-18_20h25.15.667,emotional stroop_untitled,,2025.1.1,60.12451788676241,2025-11-18 20h25.20.723610 +0530,
Pain,emotional,blue,I,b,123,3,6,b,1,1.7316123999771662,None,6,3,123,1,164.0181018000003,,,,,164.0089160000207,164.0181018000003,164.5179943999974,164.5179943999974,164.5179943999974,166.25611539999954,b,1,1.7316123999771662,None,,,,,3,001,2025-11-18_20h25.15.667,emotional stroop_untitled,,2025.1.1,60.12451788676241,2025-11-18 20h25.20.723610 +0530,
Injury,emotional,green,I,g,124,4,6,g,1,2.9246858000406064,None,6,4,124,6,166.26736050000181,,,,,166.2597046000301,166.26736050000181,166.76793810003437,166.76793810003437,166.76793810003437,169.70306580001488,g,1,2.9246858000406064,None,,,,,3,001,2025-11-18_20h25.15.667,emotional stroop_untitled,,2025.1.1,60.12451788676241,2025-11-18 20h25.20.723610 +0530,
Abuse,emotional,red,C,r,125,5,6,r,1,0.8763240999542177,None,6,5,125,4,169.71618620003574,,,,,169.70533190004062,169.71618620003574,170.21596450003562,170.21596450003562,170.21596450003562,171.10286120005185,r,1,0.8763240999542177,None,,,,,3,001,2025-11-18_20h25.15.667,emotional stroop_untitled,,2025.1.1,60.12451788676241,2025-11-18 20h25.20.723610 +0530,
Bottle,neutral,yellow,I,y,126,6,6,y,1,1.4256941999774426,None,6,6,126,11,171.11613830004353,,,,,171.10514729999704,171.11613830004353,171.6162654000218,171.6162654000218,171.6162654000218,173.0530590999988,y,1,1.4256941999774426,None,,,,,3,001,2025-11-18_20h25.15.667,emotional stroop_untitled,,2025.1.1,60.12451788676241,2025-11-18 20h25.20.723610 +0530,
Pencil,neutral,green,I,g,127,7,6,g,1,0.8572814000071958,None,6,7,127,14,173.0667270999984,,,,,173.05620410002302,173.0667270999984,173.5673245000071,173.5673245000071,173.5673245000071,174.4387592000421,g,1,0.8572814000071958,None,,,,,3,001,2025-11-18_20h25.15.667,emotional stroop_untitled,,2025.1.1,60.12451788676241,2025-11-18 20h25.20.723610 +0530,
Chair,neutral,green,I,g,128,8,6,g,1,0.5182556999498047,None,6,8,128,10,174.45194640004775,,,,,174.44268580002245,174.45194640004775,174.95132810005452,174.95132810005452,174.95132810005452,175.47280490002595,g,1,0.5182556999498047,None,,,,,3,001,2025-11-18_20h25.15.667,emotional stroop_untitled,,2025.1.1,60.12451788676241,2025-11-18 20h25.20.723610 +0530,
Paper,neutral,yellow,I,y,129,9,6,y,1,1.9529492000001483,None,6,9,129,15,175.48446290002903,,,,,175.47751250001602,175.48446290002903,175.98534040001687,175.98534040001687,175.98534040001687,177.9387326000142,y,1,1.9529492000001483,None,,,,,3,001,2025-11-18_20h25.15.667,emotional stroop_untitled,,2025.1.1,60.12451788676241,2025-11-18 20h25.20.723610 +0530,
Sadness,emotional,yellow,I,y,130,10,6,y,1,0.4479849000344984,None,6,10,130,7,177.95038049999857,,,,,177.94214030000148,177.95038049999857,178.45110440003918,178.45110440003918,178.45110440003918,178.90494590002345,y,1,0.4479849000344984,None,,,,,3,001,2025-11-18_20h25.15.667,emotional stroop_untitled,,2025.1.1,60.12451788676241,2025-11-18 20h25.20.723610 +0530,
Garden,neutral,red,I,r,131,11,6,r,1,0.9281805000500754,None,6,11,131,16,178.91708360001212,,,,,178.90892010001699,178.91708360001212,179.41691950004315,179.41691950004315,179.41691950004315,180.35532510001212,r,1,0.9281805000500754,None,,,,,3,001,2025-11-18_20h25.15.667,emotional stroop_untitled,,2025.1.1,60.12451788676241,2025-11-18 20h25.20.723610 +0530,
Anger,emotional,red,C,r,132,12,6,r,1,0.5369940000236966,None,6,12,132,8,180.3670037999982,,,,,180.3580785000231,180.3670037999982,180.86783500004094,180.86783500004094,180.86783500004094,181.41916470002616,r,1,0.5369940000236966,None,,,,,3,001,2025-11-18_20h25.15.667,emotional stroop_untitled,,2025.1.1,60.12451788676241,2025-11-18 20h25.20.723610 +0530,
Panic,emotional,yellow,I,y,133,13,6,y,1,1.1023363000131212,None,6,13,133,3,181.43224829999963,,,,,181.42163740005344,181.43224829999963,181.93243730004178,181.93243730004178,181.93243730004178,183.03641660005087,y,1,1.1023363000131212,None,,,,,3,001,2025-11-18_20h25.15.667,emotional stroop_untitled,,2025.1.1,60.12451788676241,2025-11-18 20h25.20.723610 +0530,
Violence,emotional,blue,I,b,134,14,6,b,1,0.8375287000089884,None,6,14,134,9,183.04923040000722,,,,,183.0390734000248,183.04923040000722,183.54957060003653,183.54957060003653,183.54957060003653,184.4030964000267,b,1,0.8375287000089884,None,,,,,3,001,2025-11-18_20h25.15.667,emotional stroop_untitled,,2025.1.1,60.12451788676241,2025-11-18 20h25.20.723610 +0530,
Book,neutral,blue,I,b,135,15,6,b,1,0.562672299973201,None,6,15,135,17,184.41569829999935,,,,,184.4059755000053,184.41569829999935,184.91573870001594,184.91573870001594,184.91573870001594,185.4853983000503,b,1,0.562672299973201,None,,,,,3,001,2025-11-18_20h25.15.667,emotional stroop_untitled,,2025.1.1,60.12451788676241,2025-11-18 20h25.20.723610 +0530,
Stone,neutral,yellow,I,y,136,16,6,y,1,0.8088368000462651,None,6,16,136,19,185.4993700000341,,,,,185.48788170004264,185.4993700000341,185.99913730000844,185.99913730000844,185.99913730000844,186.81983839999884,y,1,0.8088368000462651,None,,,,,3,001,2025-11-18_20h25.15.667,emotional stroop_untitled,,2025.1.1,60.12451788676241,2025-11-18 20h25.20.723610 +0530,
Table,neutral,blue,I,b,137,17,6,b,1,0.9281873999862,None,6,17,137,13,186.83335560001433,,,,,186.82196410000324,186.83335560001433,187.33238530001836,187.33238530001836,187.33238530001836,188.2705636000028,b,1,0.9281873999862,None,,,,,3,001,2025-11-18_20h25.15.667,emotional stroop_untitled,,2025.1.1,60.12451788676241,2025-11-18 20h25.20.723610 +0530,
Threat,emotional,blue,I,b,138,18,6,b,1,0.5171859000110999,None,6,18,138,5,188.2829920000513,,,,,188.27283349999925,188.2829920000513,188.78344440000365,188.78344440000365,188.78344440000365,189.30352539999876,b,1,0.5171859000110999,None,,,,,3,001,2025-11-18_20h25.15.667,emotional stroop_untitled,,2025.1.1,60.12451788676241,2025-11-18 20h25.20.723610 +0530,
Death,emotional,green,I,g,139,19,6,g,1,0.6665620999992825,None,6,19,139,2,189.3165990000125,,,,,189.3073423000169,189.3165990000125,189.81675340002403,189.81675340002403,189.81675340002403,190.48733750003157,g,1,0.6665620999992825,None,,,,,3,001,2025-11-18_20h25.15.667,emotional stroop_untitled,,2025.1.1,60.12451788676241,2025-11-18 20h25.20.723610 +0530,
Sadness,emotional,yellow,I,y,140,0,7,y,1,0.7673675999976695,None,7,0,140,7,190.50017660000594,,,,,190.4902142000501,190.50017660000594,191.0000427000341,191.0000427000341,191.0000427000341,191.77046930004144,y,1,0.7673675999976695,None,,,,,3,001,2025-11-18_20h25.15.667,emotional stroop_untitled,,2025.1.1,60.12451788676241,2025-11-18 20h25.20.723610 +0530,
Paper,neutral,yellow,I,y,141,1,7,y,1,0.4727394999936223,None,7,1,141,15,191.78354350000154,,,,,191.77328740002122,191.78354350000154,192.28347860003123,192.28347860003123,192.28347860003123,192.76989600004163,y,1,0.4727394999936223,None,,,,,3,001,2025-11-18_20h25.15.667,emotional stroop_untitled,,2025.1.1,60.12451788676241,2025-11-18 20h25.20.723610 +0530,
Anger,emotional,red,C,r,142,2,7,r,1,0.6849063000408933,None,7,2,142,8,192.7833185000345,,,,,192.77331030002097,192.7833185000345,193.28338230005465,193.28338230005465,193.28338230005465,193.97168080002302,r,1,0.6849063000408933,None,,,,,3,001,2025-11-18_20h25.15.667,emotional stroop_untitled,,2025.1.1,60.12451788676241,2025-11-18 20h25.20.723610 +0530,
Bottle,neutral,yellow,I,y,143,3,7,y,1,0.8232995000435039,None,7,3,143,11,193.99884050001856,,,,,193.97628650005208,193.99884050001856,194.48330780002289,194.48330780002289,194.48330780002289,195.3210866000154,y,1,0.8232995000435039,None,,,,,3,001,2025-11-18_20h25.15.667,emotional stroop_untitled,,2025.1.1,60.12451788676241,2025-11-18 20h25.20.723610 +0530,
Book,neutral,blue,I,b,144,4,7,b,1,0.7302865000092424,None,7,4,144,17,195.33301760000177,,,,,195.32471850002185,195.33301760000177,195.83289170003263,195.83289170003263,195.83289170003263,196.57183700002497,b,1,0.7302865000092424,None,,,,,3,001,2025-11-18_20h25.15.667,emotional stroop_untitled,,2025.1.1,60.12451788676241,2025-11-18 20h25.20.723610 +0530,
Violence,emotional,blue,I,b,145,5,7,b,1,0.4406730000046082,None,7,5,145,9,196.5994751000544,,,,,196.57677169999806,196.5994751000544,197.08194140001433,197.08194140001433,197.08194140001433,197.53584250004496,b,1,0.4406730000046082,None,,,,,3,001,2025-11-18_20h25.15.667,emotional stroop_untitled,,2025.1.1,60.12451788676241,2025-11-18 20h25.20.723610 +0530,
Road,neutral,green,I,g,146,6,7,g,1,0.8918648000108078,None,7,6,146,18,197.5490271000308,,,,,197.53821730002528,197.5490271000308,198.04857290000655,198.04857290000655,198.04857290000655,198.95416750002187,g,1,0.8918648000108078,None,,,,,3,001,2025-11-18_20h25.15.667,emotional stroop_untitled,,2025.1.1,60.12451788676241,2025-11-18 20h25.20.723610 +0530,
Window,neutral,red,I,r,147,7,7,r,1,0.731868900009431,None,7,7,147,12,198.9665089000482,,,,,198.95707750000292,198.9665089000482,199.46542990003945,199.46542990003945,199.46542990003945,200.2027488000458,r,1,0.731868900009431,None,,,,,3,001,2025-11-18_20h25.15.667,emotional stroop_untitled,,2025.1.1,60.12451788676241,2025-11-18 20h25.20.723610 +0530,
Panic,emotional,yellow,I,y,148,8,7,y,1,0.7626662999973632,None,7,8,148,3,200.21668300003512,,,,,200.2052362000104,200.21668300003512,200.71632800000953,200.71632800000953,200.71632800000953,201.48748599999817,y,1,0.7626662999973632,None,,,,,3,001,2025-11-18_20h25.15.667,emotional stroop_untitled,,2025.1.1,60.12451788676241,2025-11-18 20h25.20.723610 +0530,
Garden,neutral,red,I,r,149,9,7,r,1,1.0072429000283591,None,7,9,149,16,201.49997290002648,,,,,201.49016159999883,201.49997290002648,202.00017820001813,202.00017820001813,202.00017820001813,203.02129540004535,r,1,1.0072429000283591,None,,,,,3,001,2025-11-18_20h25.15.667,emotional stroop_untitled,,2025.1.1,60.12451788676241,2025-11-18 20h25.20.723610 +0530,
Pain,emotional,blue,I,b,150,10,7,b,1,0.6799285999732092,None,7,10,150,1,203.03275790001499,,,,,203.02433640003437,203.03275790001499,203.53270590002649,203.53270590002649,203.53270590002649,204.22077000001445,b,1,0.6799285999732092,None,,,,,3,001,2025-11-18_20h25.15.667,emotional stroop_untitled,,2025.1.1,60.12451788676241,2025-11-18 20h25.20.723610 +0530,
Table,neutral,blue,I,b,151,11,7,b,1,0.47393770003691316,None,7,11,151,13,204.2330079000094,,,,,204.22421000001486,204.2330079000094,204.7349445000291,204.7349445000291,204.7349445000291,205.21897000004537,b,1,0.47393770003691316,None,,,,,3,001,2025-11-18_20h25.15.667,emotional stroop_untitled,,2025.1.1,60.12451788676241,2025-11-18 20h25.20.723610 +0530,
Chair,neutral,green,I,g,152,12,7,y,0,0.5413527000346221,None,7,12,152,10,205.23250660003396,,,,,205.22170380002353,205.23250660003396,205.7315448000445,205.7315448000445,205.7315448000445,206.28473440004745,y,0,0.5413527000346221,None,,,,,3,001,2025-11-18_20h25.15.667,emotional stroop_untitled,,2025.1.1,60.12451788676241,2025-11-18 20h25.20.723610 +0530,
Pencil,neutral,green,I,g,153,13,7,g,1,0.7511851000017487,None,7,13,153,14,206.2986413000035,,,,,206.28721520002,206.2986413000035,206.79844090004917,206.79844090004917,206.79844090004917,207.55276890000096,g,1,0.7511851000017487,None,,,,,3,001,2025-11-18_20h25.15.667,emotional stroop_untitled,,2025.1.1,60.12451788676241,2025-11-18 20h25.20.723610 +0530,
Injury,emotional,green,I,g,154,14,7,g,1,0.5099806999787688,None,7,14,154,6,207.56542920001084,,,,,207.55535480001708,207.56542920001084,208.0648459000513,208.0648459000513,208.0648459000513,208.58475070004351,g,1,0.5099806999787688,None,,,,,3,001,2025-11-18_20h25.15.667,emotional stroop_untitled,,2025.1.1,60.12451788676241,2025-11-18 20h25.20.723610 +0530,
Fear,emotional,red,C,r,155,15,7,r,1,0.8105451999581419,None,7,15,155,0,208.59818650002126,,,,,208.5868037000182,208.59818650002126,209.09832450002432,209.09832450002432,209.09832450002432,209.9177871000138,r,1,0.8105451999581419,None,,,,,3,001,2025-11-18_20h25.15.667,emotional stroop_untitled,,2025.1.1,60.12451788676241,2025-11-18 20h25.20.723610 +0530,
Abuse,emotional,red,C,r,156,16,7,r,1,0.40209889999823645,None,7,16,156,4,209.93142490001628,,,,,209.92025080003077,209.93142490001628,210.43095639999956,210.43095639999956,210.43095639999956,210.83559329999844,r,1,0.40209889999823645,None,,,,,3,001,2025-11-18_20h25.15.667,emotional stroop_untitled,,2025.1.1,60.12451788676241,2025-11-18 20h25.20.723610 +0530,
Stone,neutral,yellow,I,y,157,17,7,y,1,0.9687419999972917,None,7,17,157,19,210.84842410002602,,,,,210.83843980001984,210.84842410002602,211.3486161000328,211.3486161000328,211.3486161000328,212.32038480002666,y,1,0.9687419999972917,None,,,,,3,001,2025-11-18_20h25.15.667,emotional stroop_untitled,,2025.1.1,60.12451788676241,2025-11-18 20h25.20.723610 +0530,
Death,emotional,green,I,g,158,18,7,g,1,0.7184431999921799,None,7,18,158,2,212.332257400034,,,,,212.32334470003843,212.332257400034,212.83251180005027,212.83251180005027,212.83251180005027,213.55218490003608,g,1,0.7184431999921799,None,,,,,3,001,2025-11-18_20h25.15.667,emotional stroop_untitled,,2025.1.1,60.12451788676241,2025-11-18 20h25.20.723610 +0530,
Threat,emotional,blue,I,b,159,19,7,b,1,1.070001600019168,None,7,19,159,5,213.56598600000143,,,,,213.55526430002647,213.56598600000143,214.06576480000513,214.06576480000513,214.06576480000513,215.13682450004853,b,1,1.070001600019168,None,,,,,3,001,2025-11-18_20h25.15.667,emotional stroop_untitled,,2025.1.1,60.12451788676241,2025-11-18 20h25.20.723610 +0530,
Book,neutral,blue,I,b,160,0,8,b,1,0.3911853000172414,None,8,0,160,17,215.14890359999845,,,,,215.13991830003215,215.14890359999845,215.6489392000367,215.6489392000367,215.6489392000367,216.0532679000171,b,1,0.3911853000172414,None,,,,,3,001,2025-11-18_20h25.15.667,emotional stroop_untitled,,2025.1.1,60.12451788676241,2025-11-18 20h25.20.723610 +0530,
Garden,neutral,red,I,r,161,1,8,r,1,0.5259950999752618,None,8,1,161,16,216.06542160001118,,,,,216.0568616000237,216.06542160001118,216.5656549000414,216.5656549000414,216.5656549000414,217.10371080000186,r,1,0.5259950999752618,None,,,,,3,001,2025-11-18_20h25.15.667,emotional stroop_untitled,,2025.1.1,60.12451788676241,2025-11-18 20h25.20.723610 +0530,
Road,neutral,green,I,g,162,2,8,y,0,0.7626177999773063,None,8,2,162,18,217.11542500002543,,,,,217.10644610004965,217.11542500002543,217.6160276000155,217.6160276000155,217.6160276000155,218.3856070000329,y,0,0.7626177999773063,None,,,,,3,001,2025-11-18_20h25.15.667,emotional stroop_untitled,,2025.1.1,60.12451788676241,2025-11-18 20h25.20.723610 +0530,
Pencil,neutral,green,I,g,163,3,8,g,1,0.6559010000200942,None,8,3,163,14,218.39878690004116,,,,,218.38826610002434,218.39878690004116,218.8994758000481,218.8994758000481,218.8994758000481,219.57019550004043,g,1,0.6559010000200942,None,,,,,3,001,2025-11-18_20h25.15.667,emotional stroop_untitled,,2025.1.1,60.12451788676241,2025-11-18 20h25.20.723610 +0530,
Injury,emotional,green,I,g,164,4,8,g,1,0.4674914000206627,None,8,4,164,6,219.58183190005366,,,,,219.5738876000396,219.58183190005366,220.0828618000378,220.0828618000378,220.0828618000378,220.55270950001432,g,1,0.4674914000206627,None,,,,,3,001,2025-11-18_20h25.15.667,emotional stroop_untitled,,2025.1.1,60.12451788676241,2025-11-18 20h25.20.723610 +0530,
Panic,emotional,yellow,I,y,165,5,8,y,1,0.5848421000409871,None,8,5,165,3,220.5654368000105,,,,,220.55543220002437,220.5654368000105,221.06525590003002,221.06525590003002,221.06525590003002,221.65274960000534,y,1,0.5848421000409871,None,,,,,3,001,2025-11-18_20h25.15.667,emotional stroop_untitled,,2025.1.1,60.12451788676241,2025-11-18 20h25.20.723610 +0530,
Stone,neutral,yellow,I,y,166,6,8,g,0,0.8391766999848187,None,8,6,166,19,221.66548920003697,,,,,221.65536150004482,221.66548920003697,222.16515430004802,222.16515430004802,222.16515430004802,223.01989070000127,g,0,0.8391766999848187,None,,,,,3,001,2025-11-18_20h25.15.667,emotional stroop_untitled,,2025.1.1,60.12451788676241,2025-11-18 20h25.20.723610 +0530,
Anger,emotional,red,C,r,167,7,8,r,1,0.6777083000051789,None,8,7,167,8,223.03259840002283,,,,,223.02266330004204,223.03259840002283,223.5321372000035,223.5321372000035,223.5321372000035,224.21877790003782,r,1,0.6777083000051789,None,,,,,3,001,2025-11-18_20h25.15.667,emotional stroop_untitled,,2025.1.1,60.12451788676241,2025-11-18 20h25.20.723610 +0530,
Fear,emotional,red,C,r,168,8,8,r,1,0.6235616999911144,None,8,8,168,0,224.23292360000778,,,,,224.22143800003687,224.23292360000778,224.7312519000261,224.7312519000261,224.7312519000261,225.3684139000252,r,1,0.6235616999911144,None,,,,,3,001,2025-11-18_20h25.15.667,emotional stroop_untitled,,2025.1.1,60.12451788676241,2025-11-18 20h25.20.723610 +0530,
Abuse,emotional,red,C,r,169,9,8,r,1,0.37163529999088496,None,8,9,169,4,225.38221370003885,,,,,225.37120380002307,225.38221370003885,225.88244830002077,225.88244830002077,225.88244830002077,226.26882350002415,r,1,0.37163529999088496,None,,,,,3,001,2025-11-18_20h25.15.667,emotional stroop_untitled,,2025.1.1,60.12451788676241,2025-11-18 20h25.20.723610 +0530,
Bottle,neutral,yellow,I,y,170,10,8,y,1,0.7485278999665752,None,8,10,170,11,226.28217440005392,,,,,226.27132590004476,226.28217440005392,226.78656230005436,226.78656230005436,226.78656230005436,227.55223600001773,y,1,0.7485278999665752,None,,,,,3,001,2025-11-18_20h25.15.667,emotional stroop_untitled,,2025.1.1,60.12451788676241,2025-11-18 20h25.20.723610 +0530,
Threat,emotional,blue,I,b,171,11,8,b,1,0.7830325000104494,None,8,11,171,5,227.56511670001782,,,,,227.554935400025,227.56511670001782,228.065736700024,228.065736700024,228.065736700024,228.8525798000046,b,1,0.7830325000104494,None,,,,,3,001,2025-11-18_20h25.15.667,emotional stroop_untitled,,2025.1.1,60.12451788676241,2025-11-18 20h25.20.723610 +0530,
Chair,neutral,green,I,g,172,12,8,g,1,0.583792999968864,None,8,12,172,10,228.86580870003672,,,,,228.85520710004494,228.86580870003672,229.36364910000702,229.36364910000702,229.36364910000702,229.95254040003056,g,1,0.583792999968864,None,,,,,3,001,2025-11-18_20h25.15.667,emotional stroop_untitled,,2025.1.1,60.12451788676241,2025-11-18 20h25.20.723610 +0530,
Pain,emotional,blue,I,b,173,13,8,b,1,0.9477526000118814,None,8,13,173,1,229.9640795000014,,,,,229.95560690003913,229.9640795000014,230.46428820001893,230.46428820001893,230.46428820001893,231.4169760000077,b,1,0.9477526000118814,None,,,,,3,001,2025-11-18_20h25.15.667,emotional stroop_untitled,,2025.1.1,60.12451788676241,2025-11-18 20h25.20.723610 +0530,
Table,neutral,blue,I,b,174,14,8,b,1,0.4721787999733351,None,8,14,174,13,231.43050450005103,,,,,231.41928140004165,231.43050450005103,231.93071590003092,231.93071590003092,231.93071590003092,232.41870050004218,b,1,0.4721787999733351,None,,,,,3,001,2025-11-18_20h25.15.667,emotional stroop_untitled,,2025.1.1,60.12451788676241,2025-11-18 20h25.20.723610 +0530,
Violence,emotional,blue,I,b,175,15,8,b,1,0.4037364000105299,None,8,15,175,9,232.43053480004892,,,,,232.42228670004988,232.43053480004892,232.9302259000251,232.9302259000251,232.9302259000251,233.33534640003927,b,1,0.4037364000105299,None,,,,,3,001,2025-11-18_20h25.15.667,emotional stroop_untitled,,2025.1.1,60.12451788676241,2025-11-18 20h25.20.723610 +0530,
Death,emotional,green,I,g,176,16,8,g,1,1.0134750999859534,None,8,16,176,2,233.34691960003693,,,,,233.33757070003776,233.34691960003693,233.84878770000068,233.84878770000068,233.84878770000068,234.8694338000496,g,1,1.0134750999859534,None,,,,,3,001,2025-11-18_20h25.15.667,emotional stroop_untitled,,2025.1.1,60.12451788676241,2025-11-18 20h25.20.723610 +0530,
Sadness,emotional,yellow,I,y,177,17,8,y,1,0.7626888999948278,None,8,17,177,7,234.8820806000149,,,,,234.8724055000348,234.8820806000149,235.3817318000365,235.3817318000365,235.3817318000365,236.1542229000479,y,1,0.7626888999948278,None,,,,,3,001,2025-11-18_20h25.15.667,emotional stroop_untitled,,2025.1.1,60.12451788676241,2025-11-18 20h25.20.723610 +0530,
Paper,neutral,yellow,I,y,178,18,8,y,1,0.4634444999974221,None,8,18,178,15,236.1812148000463,,,,,236.1584388000192,236.1812148000463,236.66579150001053,236.66579150001053,236.66579150001053,237.13424280000618,y,1,0.4634444999974221,None,,,,,3,001,2025-11-18_20h25.15.667,emotional stroop_untitled,,2025.1.1,60.12451788676241,2025-11-18 20h25.20.723610 +0530,
Window,neutral,red,I,r,179,19,8,r,1,0.4932958999997936,None,8,19,179,12,237.14821569999913,,,,,237.13657250005053,237.14821569999913,237.6467449000338,237.6467449000338,237.6467449000338,238.15251540002646,r,1,0.4932958999997936,None,,,,,3,001,2025-11-18_20h25.15.667,emotional stroop_untitled,,2025.1.1,60.12451788676241,2025-11-18 20h25.20.723610 +0530,
Paper,neutral,yellow,I,y,180,0,9,y,1,0.6131132000009529,None,9,0,180,15,238.16441350005334,,,,,238.1562593000126,238.16441350005334,238.6636449000216,238.6636449000216,238.6636449000216,239.28573670005426,y,1,0.6131132000009529,None,,,,,3,001,2025-11-18_20h25.15.667,emotional stroop_untitled,,2025.1.1,60.12451788676241,2025-11-18 20h25.20.723610 +0530,
Anger,emotional,red,C,r,181,1,9,r,1,0.40284660004545003,None,9,1,181,8,239.29831370001193,,,,,239.28828249999788,239.29831370001193,239.79808330000378,239.79808330000378,239.79808330000378,240.2037775000208,r,1,0.40284660004545003,None,,,,,3,001,2025-11-18_20h25.15.667,emotional stroop_untitled,,2025.1.1,60.12451788676241,2025-11-18 20h25.20.723610 +0530,
Garden,neutral,red,I,r,182,2,9,y,0,0.43370059999870136,None,9,2,182,16,240.21488300000783,,,,,240.20677790004993,240.21488300000783,240.71322500001406,240.71322500001406,240.71322500001406,241.15139650000492,y,0,0.43370059999870136,None,,,,,3,001,2025-11-18_20h25.15.667,emotional stroop_untitled,,2025.1.1,60.12451788676241,2025-11-18 20h25.20.723610 +0530,
Pencil,neutral,green,I,g,183,3,9,g,1,0.9762188000022434,None,9,3,183,14,241.16486630000873,,,,,241.15407710004365,241.16486630000873,241.66465660004178,241.66465660004178,241.66465660004178,242.6526617000345,g,1,0.9762188000022434,None,,,,,3,001,2025-11-18_20h25.15.667,emotional stroop_untitled,,2025.1.1,60.12451788676241,2025-11-18 20h25.20.723610 +0530,
Book,neutral,blue,I,b,184,4,9,b,1,0.717558900010772,None,9,4,184,17,242.66429800004698,,,,,242.6555046000285,242.66429800004698,243.1647955000517,243.1647955000517,243.1647955000517,243.88531550002517,b,1,0.717558900010772,None,,,,,3,001,2025-11-18_20h25.15.667,emotional stroop_untitled,,2025.1.1,60.12451788676241,2025-11-18 20h25.20.723610 +0530,
Chair,neutral,green,I,g,185,5,9,g,1,0.8030693000182509,None,9,5,185,10,243.89752690005116,,,,,243.88841660000617,243.89752690005116,244.39794870000333,244.39794870000333,244.39794870000333,245.20191620005062,g,1,0.8030693000182509,None,,,,,3,001,2025-11-18_20h25.15.667,emotional stroop_untitled,,2025.1.1,60.12451788676241,2025-11-18 20h25.20.723610 +0530,
Road,neutral,green,I,g,186,6,9,g,1,0.47958649997599423,None,9,6,186,18,245.21449040004518,,,,,245.20527299999958,245.21449040004518,245.71450000000186,245.71450000000186,245.71450000000186,246.20189980004216,g,1,0.47958649997599423,None,,,,,3,001,2025-11-18_20h25.15.667,emotional stroop_untitled,,2025.1.1,60.12451788676241,2025-11-18 20h25.20.723610 +0530,
Bottle,neutral,yellow,I,y,187,7,9,y,1,1.1754523999989033,None,9,7,187,11,246.2150585000054,,,,,246.20502010005293,246.2150585000054,246.71554790000664,246.71554790000664,246.71554790000664,247.90073740005028,y,1,1.1754523999989033,None,,,,,3,001,2025-11-18_20h25.15.667,emotional stroop_untitled,,2025.1.1,60.12451788676241,2025-11-18 20h25.20.723610 +0530,
Sadness,emotional,yellow,I,y,188,8,9,y,1,0.4911735000205226,None,9,8,188,7,247.91457190003712,,,,,247.90389010001672,247.91457190003712,248.4141039000242,248.4141039000242,248.4141039000242,248.91832260001684,y,1,0.4911735000205226,None,,,,,3,001,2025-11-18_20h25.15.667,emotional stroop_untitled,,2025.1.1,60.12451788676241,2025-11-18 20h25.20.723610 +0530,
Table,neutral,blue,I,b,189,9,9,b,1,2.1326577000436373,None,9,9,189,13,248.93088820000412,,,,,248.92174260003958,248.93088820000412,249.43087050004397,249.43087050004397,249.43087050004397,251.56768730003387,b,1,2.1326577000436373,None,,,,,3,001,2025-11-18_20h25.15.667,emotional stroop_untitled,,2025.1.1,60.12451788676241,2025-11-18 20h25.20.723610 +0530,
Panic,emotional,yellow,I,y,190,10,9,y,1,1.0950811000075191,None,9,10,190,3,251.57975610002177,,,,,251.57085800002096,251.57975610002177,252.0793426000164,252.0793426000164,252.0793426000164,253.18360300001223,y,1,1.0950811000075191,None,,,,,3,001,2025-11-18_20h25.15.667,emotional stroop_untitled,,2025.1.1,60.12451788676241,2025-11-18 20h25.20.723610 +0530,
Window,neutral,red,I,r,191,11,9,r,1,0.5800684000132605,None,9,11,191,12,253.19643350003753,,,,,253.18675710004754,253.19643350003753,253.6963658000459,253.6963658000459,253.6963658000459,254.2829607000458,r,1,0.5800684000132605,None,,,,,3,001,2025-11-18_20h25.15.667,emotional stroop_untitled,,2025.1.1,60.12451788676241,2025-11-18 20h25.20.723610 +0530,
Injury,emotional,green,I,g,192,12,9,g,1,0.9532334000105038,None,9,12,192,6,254.29673330002697,,,,,254.2859604000114,254.29673330002697,254.79637860000366,254.79637860000366,254.79637860000366,255.75350820005406,g,1,0.9532334000105038,None,,,,,3,001,2025-11-18_20h25.15.667,emotional stroop_untitled,,2025.1.1,60.12451788676241,2025-11-18 20h25.20.723610 +0530,
Death,emotional,green,I,g,193,13,9,g,1,0.5082708999980241,None,9,13,193,2,255.76272769999923,,,,,255.75653730001068,255.76272769999923,256.26257190003525,256.26257190003525,256.26257190003525,256.7823807000532,g,1,0.5082708999980241,None,,,,,3,001,2025-11-18_20h25.15.667,emotional stroop_untitled,,2025.1.1,60.12451788676241,2025-11-18 20h25.20.723610 +0530,
Pain,emotional,blue,I,b,194,14,9,r,0,0.5792712000547908,None,9,14,194,1,256.7961676000268,,,,,256.78429999999935,256.7961676000268,257.29751500004204,257.29751500004204,257.29751500004204,257.8854326000437,r,0,0.5792712000547908,None,,,,,3,001,2025-11-18_20h25.15.667,emotional stroop_untitled,,2025.1.1,60.12451788676241,2025-11-18 20h25.20.723610 +0530,
Stone,neutral,yellow,I,y,195,15,9,y,1,1.0858431999804452,None,9,15,195,19,257.89737740001874,,,,,257.8884268000256,257.89737740001874,258.39807750005275,258.39807750005275,258.39807750005275,259.48433190002106,y,1,1.0858431999804452,None,,,,,3,001,2025-11-18_20h25.15.667,emotional stroop_untitled,,2025.1.1,60.12451788676241,2025-11-18 20h25.20.723610 +0530,
Violence,emotional,blue,I,b,196,16,9,b,1,0.7740194000070915,None,9,16,196,9,259.4969046000042,,,,,259.48710490000667,259.4969046000042,259.9980414000456,259.9980414000456,259.9980414000456,260.78414350003004,b,1,0.7740194000070915,None,,,,,3,001,2025-11-18_20h25.15.667,emotional stroop_untitled,,2025.1.1,60.12451788676241,2025-11-18 20h25.20.723610 +0530,
Fear,emotional,red,C,r,197,17,9,r,1,0.585521399974823,None,9,17,197,0,260.7974219000316,,,,,260.7866206000326,260.7974219000316,261.297520800028,261.297520800028,261.297520800028,261.8864494000445,r,1,0.585521399974823,None,,,,,3,001,2025-11-18_20h25.15.667,emotional stroop_untitled,,2025.1.1,60.12451788676241,2025-11-18 20h25.20.723610 +0530,
Threat,emotional,blue,I,b,198,18,9,b,1,0.7533963000169024,None,9,18,198,5,261.8968670000322,,,,,261.8893904000288,261.8968670000322,262.3972489000298,262.3972489000298,262.3972489000298,263.16727890004404,b,1,0.7533963000169024,None,,,,,3,001,2025-11-18_20h25.15.667,emotional stroop_untitled,,2025.1.1,60.12451788676241,2025-11-18 20h25.20.723610 +0530,
Abuse,emotional,red,C,r,199,19,9,r,1,0.5207499000243843,None,9,19,199,4,263.1798878000118,,,,,263.1713487000088,263.1798878000118,263.6801772000035,263.6801772000035,263.6801772000035,264.2023936000187,r,1,0.5207499000243843,None,,,,,3,001,2025-11-18_20h25.15.667,emotional stroop_untitled,,2025.1.1,60.12451788676241,2025-11-18 20h25.20.723610 +0530,
,,,,,,,,,,,,,,,,,,,,,,,,,,,,,,,264.20258100004867,264.2136277000536,265.21383640001295,265.2003147000214,3,001,2025-11-18_20h25.15.667,emotional stroop_untitled,,2025.1.1,60.12451788676241,2025-11-18 20h25.20.723610 +0530,
