pos,corr_resp,thisN,thisTrialN,thisRepN,key_resp.keys,key_resp.corr,key_resp.rt,key_resp.duration,trials.thisRepN,trials.thisTrialN,trials.thisN,trials.thisIndex,trials_2.thisRepN,trials_2.thisTrialN,trials_2.thisN,trials_2.thisIndex,thisRow.t,notes,trial.started,fixation.started,line1.started,line2.started,line3.started,line4.started,fixation.stopped,probe.started,key_resp.started,trial.stopped,trials.key_resp.keys,trials.key_resp.corr,trials.key_resp.rt,trials.key_resp.duration,trials_2.key_resp.keys,trials_2.key_resp.corr,trials_2.key_resp.rt,trials_2.key_resp.duration,participant,session,date,expName,expVersion,psychopyVersion,frameRate,expStart,
-50,x,0,0,0,x,1,0.5442713000811636,None,0,0,0,0,,,,,0.03812899999320507,,0.017358599929139018,0.03812899999320507,1.0065564999822527,1.0065564999822527,1.0065564999822527,1.0065564999822527,1.0398369000758976,2.0064497001003474,2.0064497001003474,2.5728935999795794,x,1,0.5442713000811636,None,,,,,5,001,2025-10-05_18h07.16.094,untitled,,2025.1.1,60.03727111418115,2025-10-05 18h07.20.928723 +0530,
150,v,1,1,0,v,1,0.8236410999670625,None,0,1,1,1,,,,,2.5894256001338363,,2.573504399973899,2.5894256001338363,3.5730838000308722,3.5730838000308722,3.5730838000308722,3.5730838000308722,3.590414199978113,4.573042599949986,4.573042599949986,5.4103761001024395,v,1,0.8236410999670625,None,,,,,5,001,2025-10-05_18h07.16.094,untitled,,2025.1.1,60.03727111418115,2025-10-05 18h07.20.928723 +0530,
50,c,2,2,0,c,1,0.6342100999318063,None,0,2,2,2,,,,,5.42300370009616,,5.410742700099945,5.42300370009616,6.422908700071275,6.422908700071275,6.422908700071275,6.422908700071275,6.422908700071275,7.422772099962458,7.422772099962458,8.060330800013617,c,1,0.6342100999318063,None,,,,,5,001,2025-10-05_18h07.16.094,untitled,,2025.1.1,60.03727111418115,2025-10-05 18h07.20.928723 +0530,
-150,z,3,3,0,z,1,0.28466739994473755,None,0,3,3,3,,,,,8.072841699933633,,8.0606875999365,8.072841699933633,9.073357800021768,9.073357800021768,9.073357800021768,9.073357800021768,9.073357800021768,10.072830100078136,10.072830100078136,10.361159699968994,z,1,0.28466739994473755,None,,,,,5,001,2025-10-05_18h07.16.094,untitled,,2025.1.1,60.03727111418115,2025-10-05 18h07.20.928723 +0530,
-50,x,4,0,1,x,1,0.308837000047788,None,1,0,4,0,,,,,10.37281580013223,,10.361521600047126,10.37281580013223,11.372728900052607,11.372728900052607,11.372728900052607,11.372728900052607,11.372728900052607,12.373123799916357,12.373123799916357,12.69278210005723,x,1,0.308837000047788,None,,,,,5,001,2025-10-05_18h07.16.094,untitled,,2025.1.1,60.03727111418115,2025-10-05 18h07.20.928723 +0530,
150,v,5,1,1,v,1,0.2719598999246955,None,1,1,5,1,,,,,12.706466000061482,,12.69314380013384,12.706466000061482,13.706402499927208,13.706402499927208,13.706402499927208,13.706402499927208,13.706402499927208,14.70609340001829,14.70609340001829,14.99294069991447,v,1,0.2719598999246955,None,,,,,5,001,2025-10-05_18h07.16.094,untitled,,2025.1.1,60.03727111418115,2025-10-05 18h07.20.928723 +0530,
50,c,6,2,1,c,1,0.4134301000740379,None,1,2,6,2,,,,,15.005737900035456,,14.993302300106734,15.005737900035456,16.00535549991764,16.00535549991764,16.00535549991764,16.00535549991764,16.00535549991764,17.005899700103328,17.005899700103328,17.425704299937934,c,1,0.4134301000740379,None,,,,,5,001,2025-10-05_18h07.16.094,untitled,,2025.1.1,60.03727111418115,2025-10-05 18h07.20.928723 +0530,
-150,z,7,3,1,z,1,0.3327135001309216,None,1,3,7,3,,,,,17.438948600087315,,17.426078400108963,17.438948600087315,18.438903599977493,18.438903599977493,18.438903599977493,18.438903599977493,18.438903599977493,19.439251800067723,19.439251800067723,19.775986999971792,z,1,0.3327135001309216,None,,,,,5,001,2025-10-05_18h07.16.094,untitled,,2025.1.1,60.03727111418115,2025-10-05 18h07.20.928723 +0530,
-50,x,8,0,2,x,1,0.3791933997999877,None,2,0,8,0,,,,,19.78859329991974,,19.776332299923524,19.78859329991974,20.788869800046086,20.788869800046086,20.788869800046086,20.788869800046086,20.788869800046086,21.78875369997695,21.78875369997695,22.17517070006579,x,1,0.3791933997999877,None,,,,,5,001,2025-10-05_18h07.16.094,untitled,,2025.1.1,60.03727111418115,2025-10-05 18h07.20.928723 +0530,
150,v,9,1,2,v,1,0.3272810000926256,None,2,1,9,1,,,,,22.18866560002789,,22.175501000136137,22.18866560002789,23.18879869999364,23.18879869999364,23.18879869999364,23.18879869999364,23.18879869999364,24.188706600107253,24.188706600107253,24.525928599992767,v,1,0.3272810000926256,None,,,,,5,001,2025-10-05_18h07.16.094,untitled,,2025.1.1,60.03727111418115,2025-10-05 18h07.20.928723 +0530,
50,c,10,2,2,c,1,0.2852574000135064,None,2,2,10,2,,,,,24.538703500060365,,24.5263420001138,24.538703500060365,25.539244400104508,25.539244400104508,25.539244400104508,25.539244400104508,25.539244400104508,26.538268900010735,26.538268900010735,26.82574460003525,c,1,0.2852574000135064,None,,,,,5,001,2025-10-05_18h07.16.094,untitled,,2025.1.1,60.03727111418115,2025-10-05 18h07.20.928723 +0530,
-150,z,11,3,2,z,1,0.2801388001535088,None,2,3,11,3,,,,,26.838616700144485,,26.826108700130135,26.838616700144485,27.83865449996665,27.83865449996665,27.83865449996665,27.83865449996665,27.83865449996665,28.83868020004593,28.83868020004593,29.12533800001256,z,1,0.2801388001535088,None,,,,,5,001,2025-10-05_18h07.16.094,untitled,,2025.1.1,60.03727111418115,2025-10-05 18h07.20.928723 +0530,
-50,x,12,0,3,x,1,0.4633589000441134,None,3,0,12,0,,,,,29.138862000079826,,29.125702399993315,29.138862000079826,30.13890970009379,30.13890970009379,30.13890970009379,30.13890970009379,30.13890970009379,31.138599199941382,31.138599199941382,31.60934740002267,x,1,0.4633589000441134,None,,,,,5,001,2025-10-05_18h07.16.094,untitled,,2025.1.1,60.03727111418115,2025-10-05 18h07.20.928723 +0530,
150,v,13,1,3,v,1,0.3604304997716099,None,3,1,13,1,,,,,31.621372600086033,,31.609709900105372,31.621372600086033,32.62167840008624,32.62167840008624,32.62167840008624,32.62167840008624,32.62167840008624,33.62172790011391,33.62172790011391,33.9917737999931,v,1,0.3604304997716099,None,,,,,5,001,2025-10-05_18h07.16.094,untitled,,2025.1.1,60.03727111418115,2025-10-05 18h07.20.928723 +0530,
50,c,14,2,3,c,1,0.25234530004672706,None,3,2,14,2,,,,,34.0049694001209,,33.99213319993578,34.0049694001209,35.00568539998494,35.00568539998494,35.00568539998494,35.00568539998494,35.00568539998494,36.00499580008909,36.00499580008909,36.25938599999063,c,1,0.25234530004672706,None,,,,,5,001,2025-10-05_18h07.16.094,untitled,,2025.1.1,60.03727111418115,2025-10-05 18h07.20.928723 +0530,
-150,z,15,3,3,z,1,0.25089209992438555,None,3,3,15,3,,,,,36.27130710007623,,36.25976160005666,36.27130710007623,37.27131300000474,37.27131300000474,37.27131300000474,37.27131300000474,37.27131300000474,38.27145200013183,38.27145200013183,38.52523860009387,z,1,0.25089209992438555,None,,,,,5,001,2025-10-05_18h07.16.094,untitled,,2025.1.1,60.03727111418115,2025-10-05 18h07.20.928723 +0530,
-50,x,16,0,4,x,1,0.29494090005755424,None,4,0,16,0,,,,,38.53814320010133,,38.52559520001523,38.53814320010133,39.53858550009318,39.53858550009318,39.53858550009318,39.53858550009318,39.53858550009318,40.53817950002849,40.53817950002849,40.84193280013278,x,1,0.29494090005755424,None,,,,,5,001,2025-10-05_18h07.16.094,untitled,,2025.1.1,60.03727111418115,2025-10-05 18h07.20.928723 +0530,
150,v,17,1,4,v,1,0.2800888998899609,None,4,1,17,1,,,,,40.85477530001663,,40.842289600055665,40.85477530001663,41.85457090009004,41.85457090009004,41.85457090009004,41.85457090009004,41.85457090009004,42.85441430006176,42.85441430006176,43.14196190005168,v,1,0.2800888998899609,None,,,,,5,001,2025-10-05_18h07.16.094,untitled,,2025.1.1,60.03727111418115,2025-10-05 18h07.20.928723 +0530,
50,c,18,2,4,c,1,0.3172005999367684,None,4,2,18,2,,,,,43.1541572001297,,43.14231569995172,43.1541572001297,44.154392400057986,44.154392400057986,44.154392400057986,44.154392400057986,44.154392400057986,45.15480850008316,45.15480850008316,45.47462649992667,c,1,0.3172005999367684,None,,,,,5,001,2025-10-05_18h07.16.094,untitled,,2025.1.1,60.03727111418115,2025-10-05 18h07.20.928723 +0530,
-150,z,19,3,4,z,1,0.37773169996216893,None,4,3,19,3,,,,,45.48755199997686,,45.47499669995159,45.48755199997686,46.488532500108704,46.488532500108704,46.488532500108704,46.488532500108704,46.488532500108704,47.4879390001297,47.4879390001297,47.874706600094214,z,1,0.37773169996216893,None,,,,,5,001,2025-10-05_18h07.16.094,untitled,,2025.1.1,60.03727111418115,2025-10-05 18h07.20.928723 +0530,
-50,x,20,0,5,x,1,0.4102065998595208,None,5,0,20,0,,,,,47.887853800086305,,47.87520779995248,47.887853800086305,48.88827829994261,48.88827829994261,48.88827829994261,48.88827829994261,48.88827829994261,49.888047999935225,49.888047999935225,50.30766159994528,x,1,0.4102065998595208,None,,,,,5,001,2025-10-05_18h07.16.094,untitled,,2025.1.1,60.03727111418115,2025-10-05 18h07.20.928723 +0530,
150,v,21,1,5,v,1,0.27380699990317225,None,5,1,21,1,,,,,50.32097449991852,,50.3080220001284,50.32097449991852,51.321267700055614,51.321267700055614,51.321267700055614,51.321267700055614,51.321267700055614,52.32074370002374,52.32074370002374,52.60746420011856,v,1,0.27380699990317225,None,,,,,5,001,2025-10-05_18h07.16.094,untitled,,2025.1.1,60.03727111418115,2025-10-05 18h07.20.928723 +0530,
50,c,22,2,5,c,1,0.3833995999302715,None,5,2,22,2,,,,,52.62079229997471,,52.60796479997225,52.62079229997471,53.62040410004556,53.62040410004556,53.62040410004556,53.62040410004556,53.62040410004556,54.62109429994598,54.62109429994598,55.007611399982125,c,1,0.3833995999302715,None,,,,,5,001,2025-10-05_18h07.16.094,untitled,,2025.1.1,60.03727111418115,2025-10-05 18h07.20.928723 +0530,
-150,z,23,3,5,z,1,0.3055623001419008,None,5,3,23,3,,,,,55.0206077999901,,55.00797659996897,55.0206077999901,56.02098280005157,56.02098280005157,56.02098280005157,56.02098280005157,56.02098280005157,57.020146700087935,57.020146700087935,57.34134109993465,z,1,0.3055623001419008,None,,,,,5,001,2025-10-05_18h07.16.094,untitled,,2025.1.1,60.03727111418115,2025-10-05 18h07.20.928723 +0530,
-50,x,24,0,6,x,1,0.46822099993005395,None,6,0,24,0,,,,,57.35394820012152,,57.34189669997431,57.35394820012152,58.3540600000415,58.3540600000415,58.3540600000415,58.3540600000415,58.3540600000415,59.35389610007405,59.35389610007405,59.82413440011442,x,1,0.46822099993005395,None,,,,,5,001,2025-10-05_18h07.16.094,untitled,,2025.1.1,60.03727111418115,2025-10-05 18h07.20.928723 +0530,
150,v,25,1,6,v,1,0.693732300074771,None,6,1,25,1,,,,,59.83676610002294,,59.8244978999719,59.83676610002294,60.83766010007821,60.83766010007821,60.83766010007821,60.83766010007821,60.83766010007821,61.83759339991957,61.83759339991957,62.540604300098494,v,1,0.693732300074771,None,,,,,5,001,2025-10-05_18h07.16.094,untitled,,2025.1.1,60.03727111418115,2025-10-05 18h07.20.928723 +0530,
50,c,26,2,6,c,1,0.4040180998854339,None,6,2,26,2,,,,,62.554194200085476,,62.54097740002908,62.554194200085476,63.55354609992355,63.55354609992355,63.55354609992355,63.55354609992355,63.55354609992355,64.55455780006014,64.55455780006014,64.97419720003381,c,1,0.4040180998854339,None,,,,,5,001,2025-10-05_18h07.16.094,untitled,,2025.1.1,60.03727111418115,2025-10-05 18h07.20.928723 +0530,
-150,z,27,3,6,z,1,0.2613696998450905,None,6,3,27,3,,,,,64.98671140009537,,64.9745583999902,64.98671140009537,65.98706550011411,65.98706550011411,65.98706550011411,65.98706550011411,65.98706550011411,66.98733459995128,66.98733459995128,67.25738770002499,z,1,0.2613696998450905,None,,,,,5,001,2025-10-05_18h07.16.094,untitled,,2025.1.1,60.03727111418115,2025-10-05 18h07.20.928723 +0530,
-50,x,28,0,7,x,1,0.5965817000251263,None,7,0,28,0,,,,,67.27050639991648,,67.25775220012292,67.27050639991648,68.27034320007078,68.27034320007078,68.27034320007078,68.27034320007078,68.27034320007078,69.27061080001295,69.27061080001295,69.87425340013579,x,1,0.5965817000251263,None,,,,,5,001,2025-10-05_18h07.16.094,untitled,,2025.1.1,60.03727111418115,2025-10-05 18h07.20.928723 +0530,
150,v,29,1,7,v,1,0.6787678000982851,None,7,1,29,1,,,,,69.88657770003192,,69.87460880004801,69.88657770003192,70.88635289995,70.88635289995,70.88635289995,70.88635289995,70.88635289995,71.88736580009572,71.88736580009572,72.57402230007574,v,1,0.6787678000982851,None,,,,,5,001,2025-10-05_18h07.16.094,untitled,,2025.1.1,60.03727111418115,2025-10-05 18h07.20.928723 +0530,
50,c,30,2,7,c,1,0.43040860001929104,None,7,2,30,2,,,,,72.58650170010515,,72.57438290002756,72.58650170010515,73.58637119992636,73.58637119992636,73.58637119992636,73.58637119992636,73.58637119992636,74.58690420002677,74.58690420002677,75.02472579991445,c,1,0.43040860001929104,None,,,,,5,001,2025-10-05_18h07.16.094,untitled,,2025.1.1,60.03727111418115,2025-10-05 18h07.20.928723 +0530,
-150,z,31,3,7,z,1,0.3125491999089718,None,7,3,31,3,,,,,75.03735559992492,,75.0251023999881,75.03735559992492,76.03664890001528,76.03664890001528,76.03664890001528,76.03664890001528,76.0532984000165,77.03645949997008,77.03645949997008,77.3565950000193,z,1,0.3125491999089718,None,,,,,5,001,2025-10-05_18h07.16.094,untitled,,2025.1.1,60.03727111418115,2025-10-05 18h07.20.928723 +0530,
-50,x,32,0,8,x,1,0.6513877999968827,None,8,0,32,0,,,,,77.36968210013583,,77.35699409991503,77.36968210013583,78.36977740004659,78.36977740004659,78.36977740004659,78.36977740004659,78.36977740004659,79.37002189992927,79.37002189992927,80.02362559991889,x,1,0.6513877999968827,None,,,,,5,001,2025-10-05_18h07.16.094,untitled,,2025.1.1,60.03727111418115,2025-10-05 18h07.20.928723 +0530,
150,v,33,1,8,v,1,0.7606300001498312,None,8,1,33,1,,,,,80.0371781999711,,80.02399130002595,80.0371781999711,81.03710509999655,81.03710509999655,81.03710509999655,81.03710509999655,81.03710509999655,82.03631599992514,82.03631599992514,82.80642880010419,v,1,0.7606300001498312,None,,,,,5,001,2025-10-05_18h07.16.094,untitled,,2025.1.1,60.03727111418115,2025-10-05 18h07.20.928723 +0530,
50,c,34,2,8,c,1,0.6115961000323296,None,8,2,34,2,,,,,82.82100039999932,,82.80679100006819,82.82100039999932,83.82063390011899,83.82063390011899,83.82063390011899,83.82063390011899,83.835883700056,84.82000940013677,84.82000940013677,85.43938080011867,c,1,0.6115961000323296,None,,,,,5,001,2025-10-05_18h07.16.094,untitled,,2025.1.1,60.03727111418115,2025-10-05 18h07.20.928723 +0530,
-150,z,35,3,8,z,1,0.5358641999773681,None,8,3,35,3,,,,,85.45268639991991,,85.4397702999413,85.45268639991991,86.45320759993047,86.45320759993047,86.45320759993047,86.45320759993047,86.45320759993047,87.45270860008895,87.45270860008895,87.99137459998019,z,1,0.5358641999773681,None,,,,,5,001,2025-10-05_18h07.16.094,untitled,,2025.1.1,60.03727111418115,2025-10-05 18h07.20.928723 +0530,
-50,x,36,0,9,x,1,0.38303599995560944,None,9,0,36,0,,,,,88.00349400006235,,87.99175860011019,88.00349400006235,89.00313930003904,89.00313930003904,89.00313930003904,89.00313930003904,89.00313930003904,90.0022847999353,90.0022847999353,90.38931509992108,x,1,0.38303599995560944,None,,,,,5,001,2025-10-05_18h07.16.094,untitled,,2025.1.1,60.03727111418115,2025-10-05 18h07.20.928723 +0530,
150,v,37,1,9,v,1,0.24869600008241832,None,9,1,37,1,,,,,90.4024386999663,,90.38966950005852,90.4024386999663,91.4029524999205,91.4029524999205,91.4029524999205,91.4029524999205,91.4029524999205,92.402732900111,92.402732900111,92.65929560014047,v,1,0.24869600008241832,None,,,,,5,001,2025-10-05_18h07.16.094,untitled,,2025.1.1,60.03727111418115,2025-10-05 18h07.20.928723 +0530,
50,c,38,2,9,c,1,0.3128961999900639,None,9,2,38,2,,,,,92.6691324999556,,92.65961339999922,92.6691324999556,93.66992949997075,93.66992949997075,93.66992949997075,93.66992949997075,93.66992949997075,94.66963479993865,94.66963479993865,94.98961910000071,c,1,0.3128961999900639,None,,,,,5,001,2025-10-05_18h07.16.094,untitled,,2025.1.1,60.03727111418115,2025-10-05 18h07.20.928723 +0530,
-150,z,39,3,9,z,1,0.34510920010507107,None,9,3,39,3,,,,,95.00288169994019,,94.98998089996167,95.00288169994019,96.00208980008028,96.00208980008028,96.00208980008028,96.00208980008028,96.00208980008028,97.00227460009046,97.00227460009046,97.35574260004796,z,1,0.34510920010507107,None,,,,,5,001,2025-10-05_18h07.16.094,untitled,,2025.1.1,60.03727111418115,2025-10-05 18h07.20.928723 +0530,
-50,x,40,0,10,x,1,0.3094083000905812,None,10,0,40,0,,,,,97.36922829994,,97.35619439999573,97.36922829994,98.36898489994928,98.36898489994928,98.36898489994928,98.36898489994928,98.36898489994928,99.36855229991488,99.36855229991488,99.68945090007037,x,1,0.3094083000905812,None,,,,,5,001,2025-10-05_18h07.16.094,untitled,,2025.1.1,60.03727111418115,2025-10-05 18h07.20.928723 +0530,
150,v,41,1,10,v,1,0.2872659999411553,None,10,1,41,1,,,,,99.70208850014023,,99.68977460009046,99.70208850014023,100.7016046999488,100.7016046999488,100.7016046999488,100.7016046999488,100.7016046999488,101.70197520009242,101.70197520009242,102.00565150007606,v,1,0.2872659999411553,None,,,,,5,001,2025-10-05_18h07.16.094,untitled,,2025.1.1,60.03727111418115,2025-10-05 18h07.20.928723 +0530,
50,c,42,2,10,c,1,0.241890300065279,None,10,2,42,2,,,,,102.01888850005344,,102.00609469995834,102.01888850005344,103.01879919995554,103.01879919995554,103.01879919995554,103.01879919995554,103.01879919995554,104.01845919992775,104.01845919992775,104.27232720004395,c,1,0.241890300065279,None,,,,,5,001,2025-10-05_18h07.16.094,untitled,,2025.1.1,60.03727111418115,2025-10-05 18h07.20.928723 +0530,
-150,z,43,3,10,z,1,0.28981670015491545,None,10,3,43,3,,,,,104.28559500002302,,104.2726849000901,104.28559500002302,105.28546250006184,105.28546250006184,105.28546250006184,105.28546250006184,105.28546250006184,106.28515170002356,106.28515170002356,106.5886522999499,z,1,0.28981670015491545,None,,,,,5,001,2025-10-05_18h07.16.094,untitled,,2025.1.1,60.03727111418115,2025-10-05 18h07.20.928723 +0530,
-50,x,44,0,11,x,1,0.23298339988105,None,11,0,44,0,,,,,106.60192480008118,,106.58901749993674,106.60192480008118,107.60150939994492,107.60150939994492,107.60150939994492,107.60150939994492,107.60150939994492,108.60238220007159,108.60238220007159,108.8389870999381,x,1,0.23298339988105,None,,,,,5,001,2025-10-05_18h07.16.094,untitled,,2025.1.1,60.03727111418115,2025-10-05 18h07.20.928723 +0530,
150,v,45,1,11,v,1,0.586060400120914,None,11,1,45,1,,,,,108.8517025001347,,108.83934639999643,108.8517025001347,109.85147559992038,109.85147559992038,109.85147559992038,109.85147559992038,109.85147559992038,110.8520762999542,110.8520762999542,111.4406500000041,v,1,0.586060400120914,None,,,,,5,001,2025-10-05_18h07.16.094,untitled,,2025.1.1,60.03727111418115,2025-10-05 18h07.20.928723 +0530,
50,c,46,2,11,c,1,0.2636629999615252,None,11,2,46,2,,,,,111.4513978001196,,111.4411967000924,111.4513978001196,112.45217139995657,112.45217139995657,112.45217139995657,112.45217139995657,112.45217139995657,113.45108760008588,113.45108760008588,113.72207219991833,c,1,0.2636629999615252,None,,,,,5,001,2025-10-05_18h07.16.094,untitled,,2025.1.1,60.03727111418115,2025-10-05 18h07.20.928723 +0530,
-150,z,47,3,11,z,1,0.2862513998989016,None,11,3,47,3,,,,,113.73464630008675,,113.72248380002566,113.73464630008675,114.73502389993519,114.73502389993519,114.73502389993519,114.73502389993519,114.73502389993519,115.73499140003696,115.73499140003696,116.03790630004369,z,1,0.2862513998989016,None,,,,,5,001,2025-10-05_18h07.16.094,untitled,,2025.1.1,60.03727111418115,2025-10-05 18h07.20.928723 +0530,
-50,x,48,0,12,x,1,0.31615950004197657,None,12,0,48,0,,,,,116.05158370011486,,116.03826629999094,116.05158370011486,117.05130190006457,117.05130190006457,117.05130190006457,117.05130190006457,117.05130190006457,118.05150220007636,118.05150220007636,118.37283529993147,x,1,0.31615950004197657,None,,,,,5,001,2025-10-05_18h07.16.094,untitled,,2025.1.1,60.03727111418115,2025-10-05 18h07.20.928723 +0530,
150,v,49,1,12,v,1,0.32057440001517534,None,12,1,49,1,,,,,118.38443240011111,,118.37338060000911,118.38443240011111,119.3844399000518,119.3844399000518,119.3844399000518,119.3844399000518,119.3844399000518,120.38479109993204,120.38479109993204,120.721567499917,v,1,0.32057440001517534,None,,,,,5,001,2025-10-05_18h07.16.094,untitled,,2025.1.1,60.03727111418115,2025-10-05 18h07.20.928723 +0530,
50,c,50,2,12,c,1,0.3557666998822242,None,12,2,50,2,,,,,120.73420049995184,,120.72189130005427,120.73420049995184,121.7342392001301,121.7342392001301,121.7342392001301,121.7342392001301,121.7342392001301,122.73452190007083,122.73452190007083,123.10449129994959,c,1,0.3557666998822242,None,,,,,5,001,2025-10-05_18h07.16.094,untitled,,2025.1.1,60.03727111418115,2025-10-05 18h07.20.928723 +0530,
-150,z,51,3,12,z,1,0.2609069999307394,None,12,3,51,3,,,,,123.11825129995123,,123.10493639996275,123.11825129995123,124.1183549000416,124.1183549000416,124.1183549000416,124.1183549000416,124.1183549000416,125.11778660002165,125.11778660002165,125.38812969997525,z,1,0.2609069999307394,None,,,,,5,001,2025-10-05_18h07.16.094,untitled,,2025.1.1,60.03727111418115,2025-10-05 18h07.20.928723 +0530,
-50,x,52,0,13,x,1,0.40778829995542765,None,13,0,52,0,,,,,125.40139960008673,,125.38850430003367,125.40139960008673,126.40092350007035,126.40092350007035,126.40092350007035,126.40092350007035,126.40092350007035,127.40095999999903,127.40095999999903,127.82130250008777,x,1,0.40778829995542765,None,,,,,5,001,2025-10-05_18h07.16.094,untitled,,2025.1.1,60.03727111418115,2025-10-05 18h07.20.928723 +0530,
150,v,53,1,13,v,1,0.24854500009678304,None,13,1,53,1,,,,,127.83424600004219,,127.82166770007461,127.83424600004219,128.83437329996377,128.83437329996377,128.83437329996377,128.83437329996377,128.83437329996377,129.83425160008483,129.83425160008483,130.0894063001033,v,1,0.24854500009678304,None,,,,,5,001,2025-10-05_18h07.16.094,untitled,,2025.1.1,60.03727111418115,2025-10-05 18h07.20.928723 +0530,
50,c,54,2,13,c,1,0.375740900170058,None,13,2,54,2,,,,,130.10094020003453,,130.08996260003187,130.10094020003453,131.10088789998554,131.10088789998554,131.10088789998554,131.10088789998554,131.10088789998554,132.10041830013506,132.10041830013506,132.48789280001074,c,1,0.375740900170058,None,,,,,5,001,2025-10-05_18h07.16.094,untitled,,2025.1.1,60.03727111418115,2025-10-05 18h07.20.928723 +0530,
-150,z,55,3,13,z,1,0.2795190999750048,None,13,3,55,3,,,,,132.50104540004395,,132.48825419996865,132.50104540004395,133.50051510008052,133.50051510008052,133.50051510008052,133.50051510008052,133.50051510008052,134.50123649998568,134.50123649998568,134.78868019999936,z,1,0.2795190999750048,None,,,,,5,001,2025-10-05_18h07.16.094,untitled,,2025.1.1,60.03727111418115,2025-10-05 18h07.20.928723 +0530,
-50,x,56,0,14,x,1,0.36247540009208024,None,14,0,56,0,,,,,134.8003676000517,,134.7891198999714,134.8003676000517,135.80086590000428,135.80086590000428,135.80086590000428,135.80086590000428,135.80086590000428,136.80052109993994,136.80052109993994,137.17042899993248,x,1,0.36247540009208024,None,,,,,5,001,2025-10-05_18h07.16.094,untitled,,2025.1.1,60.03727111418115,2025-10-05 18h07.20.928723 +0530,
150,v,57,1,14,v,1,0.31054110010154545,None,14,1,57,1,,,,,137.18386039999314,,137.1707876001019,137.18386039999314,138.1841979001183,138.1841979001183,138.1841979001183,138.1841979001183,138.1841979001183,139.18417560006492,139.18417560006492,139.50364220002666,v,1,0.31054110010154545,None,,,,,5,001,2025-10-05_18h07.16.094,untitled,,2025.1.1,60.03727111418115,2025-10-05 18h07.20.928723 +0530,
50,c,58,2,14,c,1,0.3689363000448793,None,14,2,58,2,,,,,139.51697469991632,,139.50400989991613,139.51697469991632,140.51703669992276,140.51703669992276,140.51703669992276,140.51703669992276,140.51703669992276,141.51782870013267,141.51782870013267,141.88852300005965,c,1,0.3689363000448793,None,,,,,5,001,2025-10-05_18h07.16.094,untitled,,2025.1.1,60.03727111418115,2025-10-05 18h07.20.928723 +0530,
-150,z,59,3,14,z,1,0.26759669999592006,None,14,3,59,3,,,,,141.90118089993484,,141.88891270011663,141.90118089993484,142.9008845000062,142.9008845000062,142.9008845000062,142.9008845000062,142.9008845000062,143.90003100014292,143.90003100014292,144.17163220001385,z,1,0.26759669999592006,None,,,,,5,001,2025-10-05_18h07.16.094,untitled,,2025.1.1,60.03727111418115,2025-10-05 18h07.20.928723 +0530,
-50,x,60,0,15,x,1,0.31970279989764094,None,15,0,60,0,,,,,144.18366109998897,,144.1721592999529,144.18366109998897,145.18362050014548,145.18362050014548,145.18362050014548,145.18362050014548,145.18362050014548,146.1833420000039,146.1833420000039,146.5041942000389,x,1,0.31970279989764094,None,,,,,5,001,2025-10-05_18h07.16.094,untitled,,2025.1.1,60.03727111418115,2025-10-05 18h07.20.928723 +0530,
150,v,61,1,15,v,1,0.2778355998452753,None,15,1,61,1,,,,,146.51689850003459,,146.50455610011704,146.51689850003459,147.51631260011345,147.51631260011345,147.51631260011345,147.51631260011345,147.51631260011345,148.5169828000944,148.5169828000944,148.8038421999663,v,1,0.2778355998452753,None,,,,,5,001,2025-10-05_18h07.16.094,untitled,,2025.1.1,60.03727111418115,2025-10-05 18h07.20.928723 +0530,
50,c,62,2,15,c,1,0.3001961000263691,None,15,2,62,2,,,,,148.81722089997493,,148.80419950000942,148.81722089997493,149.8169730999507,149.8169730999507,149.8169730999507,149.8169730999507,149.8169730999507,150.8167036001105,150.8167036001105,151.12173449993134,c,1,0.3001961000263691,None,,,,,5,001,2025-10-05_18h07.16.094,untitled,,2025.1.1,60.03727111418115,2025-10-05 18h07.20.928723 +0530,
-150,z,63,3,15,z,1,0.3151612998917699,None,15,3,63,3,,,,,151.13348540011793,,151.12209339998662,151.13348540011793,152.13318260014057,152.13318260014057,152.13318260014057,152.13318260014057,152.13318260014057,153.13340559997596,153.13340559997596,153.45426620007493,z,1,0.3151612998917699,None,,,,,5,001,2025-10-05_18h07.16.094,untitled,,2025.1.1,60.03727111418115,2025-10-05 18h07.20.928723 +0530,
-50,x,64,0,16,x,1,0.2901928999926895,None,16,0,64,0,,,,,153.46689360006712,,153.45463760010898,153.46689360006712,154.46698740008287,154.46698740008287,154.46698740008287,154.46698740008287,154.46698740008287,155.46653289999813,155.46653289999813,155.7704272000119,x,1,0.2901928999926895,None,,,,,5,001,2025-10-05_18h07.16.094,untitled,,2025.1.1,60.03727111418115,2025-10-05 18h07.20.928723 +0530,
150,v,65,1,16,v,1,0.27451899996958673,None,16,1,65,1,,,,,155.78336000000127,,155.7707853000611,155.78336000000127,156.7831677000504,156.7831677000504,156.7831677000504,156.7831677000504,156.7831677000504,157.78302840003744,157.78302840003744,158.0702102999203,v,1,0.27451899996958673,None,,,,,5,001,2025-10-05_18h07.16.094,untitled,,2025.1.1,60.03727111418115,2025-10-05 18h07.20.928723 +0530,
50,c,66,2,16,c,1,0.3133547999896109,None,16,2,66,2,,,,,158.08312009996735,,158.0705756000243,158.08312009996735,159.08301279996522,159.08301279996522,159.08301279996522,159.08301279996522,159.08301279996522,160.0829183999449,160.0829183999449,160.40316090011038,c,1,0.3133547999896109,None,,,,,5,001,2025-10-05_18h07.16.094,untitled,,2025.1.1,60.03727111418115,2025-10-05 18h07.20.928723 +0530,
-150,z,67,3,16,z,1,0.2847463001962751,None,16,3,67,3,,,,,160.41636990010738,,160.40349530009553,160.41636990010738,161.4160325000994,161.4160325000994,161.4160325000994,161.4160325000994,161.4160325000994,162.415778900031,162.415778900031,162.70364780002274,z,1,0.2847463001962751,None,,,,,5,001,2025-10-05_18h07.16.094,untitled,,2025.1.1,60.03727111418115,2025-10-05 18h07.20.928723 +0530,
-50,x,68,0,17,x,1,1.3822552000638098,None,17,0,68,0,,,,,162.71594760008156,,162.70410680002533,162.71594760008156,163.71660770010203,163.71660770010203,163.71660770010203,163.71660770010203,163.71660770010203,164.71608179993927,164.71608179993927,166.10417550010607,x,1,1.3822552000638098,None,,,,,5,001,2025-10-05_18h07.16.094,untitled,,2025.1.1,60.03727111418115,2025-10-05 18h07.20.928723 +0530,
150,v,69,1,17,v,1,0.4064243999309838,None,17,1,69,1,,,,,166.11635869997554,,166.10454350011423,166.11635869997554,167.11608850001357,167.11608850001357,167.11608850001357,167.11608850001357,167.11608850001357,168.11661639995873,168.11661639995873,168.5371288000606,v,1,0.4064243999309838,None,,,,,5,001,2025-10-05_18h07.16.094,untitled,,2025.1.1,60.03727111418115,2025-10-05 18h07.20.928723 +0530,
50,c,70,2,17,c,1,0.2856954999733716,None,17,2,70,2,,,,,168.54891000012867,,168.53748639998958,168.54891000012867,169.54921660013497,169.54921660013497,169.54921660013497,169.54921660013497,169.54921660013497,170.54879519995302,170.54879519995302,170.8361402999144,c,1,0.2856954999733716,None,,,,,5,001,2025-10-05_18h07.16.094,untitled,,2025.1.1,60.03727111418115,2025-10-05 18h07.20.928723 +0530,
-150,z,71,3,17,z,1,0.2711813000496477,None,17,3,71,3,,,,,170.84917950001545,,170.83649370004423,170.84917950001545,171.8492084001191,171.8492084001191,171.8492084001191,171.8492084001191,171.8492084001191,172.8489073999226,172.8489073999226,173.13759820000269,z,1,0.2711813000496477,None,,,,,5,001,2025-10-05_18h07.16.094,untitled,,2025.1.1,60.03727111418115,2025-10-05 18h07.20.928723 +0530,
-50,x,72,0,18,x,1,0.09070799988694489,None,18,0,72,0,,,,,173.1490462999791,,173.13807699992321,173.1490462999791,174.14918070007116,174.14918070007116,174.14918070007116,174.14918070007116,174.14918070007116,175.14895980013534,175.14895980013534,175.2538024999667,x,1,0.09070799988694489,None,,,,,5,001,2025-10-05_18h07.16.094,untitled,,2025.1.1,60.03727111418115,2025-10-05 18h07.20.928723 +0530,
150,v,73,1,18,v,1,0.26585110020823777,None,18,1,73,1,,,,,175.2656421000138,,175.25420289998874,175.2656421000138,176.2655257000588,176.2655257000588,176.2655257000588,176.2655257000588,176.2655257000588,177.26550900004804,177.26550900004804,177.53616930008866,v,1,0.26585110020823777,None,,,,,5,001,2025-10-05_18h07.16.094,untitled,,2025.1.1,60.03727111418115,2025-10-05 18h07.20.928723 +0530,
50,c,74,2,18,c,1,0.29047450004145503,None,18,2,74,2,,,,,177.5489781999495,,177.5366565999575,177.5489781999495,178.54885850008577,178.54885850008577,178.54885850008577,178.54885850008577,178.54885850008577,179.5491003000643,179.5491003000643,179.8533501001075,c,1,0.29047450004145503,None,,,,,5,001,2025-10-05_18h07.16.094,untitled,,2025.1.1,60.03727111418115,2025-10-05 18h07.20.928723 +0530,
-150,z,75,3,18,z,1,0.32183299981988966,None,18,3,75,3,,,,,179.86540749995038,,179.85381509992294,179.86540749995038,180.8658410999924,180.8658410999924,180.8658410999924,180.8658410999924,180.8658410999924,181.86510589998215,181.86510589998215,182.20267409994267,z,1,0.32183299981988966,None,,,,,5,001,2025-10-05_18h07.16.094,untitled,,2025.1.1,60.03727111418115,2025-10-05 18h07.20.928723 +0530,
-50,x,76,0,19,x,1,0.3419005998875946,None,19,0,76,0,,,,,182.21529359999113,,182.20302350004204,182.21529359999113,183.21611110004596,183.21611110004596,183.21611110004596,183.21611110004596,183.21611110004596,184.21570990001783,184.21570990001783,184.5694035999477,x,1,0.3419005998875946,None,,,,,5,001,2025-10-05_18h07.16.094,untitled,,2025.1.1,60.03727111418115,2025-10-05 18h07.20.928723 +0530,
150,v,77,1,19,v,1,0.3321706000715494,None,19,1,77,1,,,,,184.58208979992196,,184.56976290000603,184.58208979992196,185.5822578999214,185.5822578999214,185.5822578999214,185.5822578999214,185.5822578999214,186.58176019997336,186.58176019997336,186.91892899991944,v,1,0.3321706000715494,None,,,,,5,001,2025-10-05_18h07.16.094,untitled,,2025.1.1,60.03727111418115,2025-10-05 18h07.20.928723 +0530,
50,c,78,2,19,c,1,0.29232980008237064,None,19,2,78,2,,,,,186.93196350010112,,186.91928200004622,186.93196350010112,187.9314192000311,187.9314192000311,187.9314192000311,187.9314192000311,187.9314192000311,188.9320505000651,188.9320505000651,189.23578980006278,c,1,0.29232980008237064,None,,,,,5,001,2025-10-05_18h07.16.094,untitled,,2025.1.1,60.03727111418115,2025-10-05 18h07.20.928723 +0530,
-150,z,79,3,19,z,1,0.2634405998978764,None,19,3,79,3,,,,,189.2485561000649,,189.2361107999459,189.2485561000649,190.24825010006316,190.24825010006316,190.24825010006316,190.24825010006316,190.24825010006316,191.24818550003693,191.24818550003693,191.51809519995004,z,1,0.2634405998978764,None,,,,,5,001,2025-10-05_18h07.16.094,untitled,,2025.1.1,60.03727111418115,2025-10-05 18h07.20.928723 +0530,
-50,x,80,0,20,x,1,0.326116899959743,None,20,0,80,0,,,,,191.5320371000562,,191.5184224001132,191.5320371000562,192.53141069994308,192.53141069994308,192.53141069994308,192.53141069994308,192.53141069994308,193.5316250999458,193.5316250999458,193.8680139000062,x,1,0.326116899959743,None,,,,,5,001,2025-10-05_18h07.16.094,untitled,,2025.1.1,60.03727111418115,2025-10-05 18h07.20.928723 +0530,
150,v,81,1,20,v,1,0.30194439995102584,None,20,1,81,1,,,,,193.8813688000664,,193.8683871999383,193.8813688000664,194.88157750014216,194.88157750014216,194.88157750014216,194.88157750014216,194.88157750014216,195.88127220002934,195.88127220002934,196.18495730008,v,1,0.30194439995102584,None,,,,,5,001,2025-10-05_18h07.16.094,untitled,,2025.1.1,60.03727111418115,2025-10-05 18h07.20.928723 +0530,
50,c,82,2,20,c,1,0.34634370007552207,None,20,2,82,2,,,,,196.19774729991332,,196.18533980008215,196.19774729991332,197.19844860001467,197.19844860001467,197.19844860001467,197.19844860001467,197.19844860001467,198.1981977999676,198.1981977999676,198.55263149994425,c,1,0.34634370007552207,None,,,,,5,001,2025-10-05_18h07.16.094,untitled,,2025.1.1,60.03727111418115,2025-10-05 18h07.20.928723 +0530,
-150,z,83,3,20,z,1,0.06421170011162758,None,20,3,83,3,,,,,198.5643627999816,,198.55298610008322,198.5643627999816,199.56502009998076,199.56502009998076,199.56502009998076,199.56502009998076,199.56502009998076,200.5643817000091,200.5643817000091,200.63535380014218,z,1,0.06421170011162758,None,,,,,5,001,2025-10-05_18h07.16.094,untitled,,2025.1.1,60.03727111418115,2025-10-05 18h07.20.928723 +0530,
-50,x,84,0,21,x,1,0.24589599994942546,None,21,0,84,0,,,,,200.64779939991422,,200.63570869993418,200.64779939991422,201.64753159997053,201.64753159997053,201.64753159997053,201.64753159997053,201.64753159997053,202.64797609997913,202.64797609997913,202.9016148999799,x,1,0.24589599994942546,None,,,,,5,001,2025-10-05_18h07.16.094,untitled,,2025.1.1,60.03727111418115,2025-10-05 18h07.20.928723 +0530,
150,v,85,1,21,v,1,0.44243620010092854,None,21,1,85,1,,,,,202.91449190001003,,202.90206589992158,202.91449190001003,203.91414090013131,203.91414090013131,203.91414090013131,203.91414090013131,203.91414090013131,204.913999899989,204.913999899989,205.36810360010713,v,1,0.44243620010092854,None,,,,,5,001,2025-10-05_18h07.16.094,untitled,,2025.1.1,60.03727111418115,2025-10-05 18h07.20.928723 +0530,
50,c,86,2,21,c,1,0.25610870006494224,None,21,2,86,2,,,,,205.3809034000151,,205.36847939994186,205.3809034000151,206.38114590011537,206.38114590011537,206.38114590011537,206.38114590011537,206.38114590011537,207.38068279996514,207.38068279996514,207.65128069999628,c,1,0.25610870006494224,None,,,,,5,001,2025-10-05_18h07.16.094,untitled,,2025.1.1,60.03727111418115,2025-10-05 18h07.20.928723 +0530,
-150,z,87,3,21,z,1,0.3998691998422146,None,21,3,87,3,,,,,207.66411210014485,,207.65163510013372,207.66411210014485,208.66449630004354,208.66449630004354,208.66449630004354,208.66449630004354,208.66449630004354,209.66397899994627,209.66397899994627,210.06802810006775,z,1,0.3998691998422146,None,,,,,5,001,2025-10-05_18h07.16.094,untitled,,2025.1.1,60.03727111418115,2025-10-05 18h07.20.928723 +0530,
-50,x,88,0,22,x,1,0.27433609985746443,None,22,0,88,0,,,,,210.080901700072,,210.06837629992515,210.080901700072,211.0807292999234,211.0807292999234,211.0807292999234,211.0807292999234,211.0807292999234,212.08095380011946,212.08095380011946,212.36810400011018,x,1,0.27433609985746443,None,,,,,5,001,2025-10-05_18h07.16.094,untitled,,2025.1.1,60.03727111418115,2025-10-05 18h07.20.928723 +0530,
150,v,89,1,22,v,1,0.23990130005404353,None,22,1,89,1,,,,,212.38040390005335,,212.36845920002088,212.38040390005335,213.3811184000224,213.3811184000224,213.3811184000224,213.3811184000224,213.3811184000224,214.38029580004513,214.38029580004513,214.6342760999687,v,1,0.23990130005404353,None,,,,,5,001,2025-10-05_18h07.16.094,untitled,,2025.1.1,60.03727111418115,2025-10-05 18h07.20.928723 +0530,
50,c,90,2,22,c,1,0.27931330003775656,None,22,2,90,2,,,,,214.64780599996448,,214.63463789992966,214.64780599996448,215.64702729997225,215.64702729997225,215.64702729997225,215.64702729997225,215.64702729997225,216.64708160003647,216.64708160003647,216.93415310001,c,1,0.27931330003775656,None,,,,,5,001,2025-10-05_18h07.16.094,untitled,,2025.1.1,60.03727111418115,2025-10-05 18h07.20.928723 +0530,
-150,z,91,3,22,z,1,0.3502206997945905,None,22,3,91,3,,,,,216.94735940010287,,216.93450780003332,216.94735940010287,217.94699600012973,217.94699600012973,217.94699600012973,217.94699600012973,217.94699600012973,218.94733040011488,218.94733040011488,219.30135340010747,z,1,0.3502206997945905,None,,,,,5,001,2025-10-05_18h07.16.094,untitled,,2025.1.1,60.03727111418115,2025-10-05 18h07.20.928723 +0530,
-50,x,92,0,23,x,1,0.3297445001080632,None,23,0,92,0,,,,,219.31411999999546,,219.30170299997553,219.31411999999546,220.31402410008013,220.31402410008013,220.31402410008013,220.31402410008013,220.31402410008013,221.31386959995143,221.31386959995143,221.6507373000495,x,1,0.3297445001080632,None,,,,,5,001,2025-10-05_18h07.16.094,untitled,,2025.1.1,60.03727111418115,2025-10-05 18h07.20.928723 +0530,
150,v,93,1,23,v,1,0.2964629998896271,None,23,1,93,1,,,,,221.66354620014317,,221.65110350004397,221.66354620014317,222.66352499998175,222.66352499998175,222.66352499998175,222.66352499998175,222.66352499998175,223.66358239995316,223.66358239995316,223.96793789998628,v,1,0.2964629998896271,None,,,,,5,001,2025-10-05_18h07.16.094,untitled,,2025.1.1,60.03727111418115,2025-10-05 18h07.20.928723 +0530,
50,c,94,2,23,c,1,0.2742308999877423,None,23,2,94,2,,,,,223.98086070013233,,223.96836520009674,223.98086070013233,224.98010900011286,224.98010900011286,224.98010900011286,224.98010900011286,224.98010900011286,225.99603080004454,225.99603080004454,226.2850301999133,c,1,0.2742308999877423,None,,,,,5,001,2025-10-05_18h07.16.094,untitled,,2025.1.1,60.03727111418115,2025-10-05 18h07.20.928723 +0530,
-150,z,95,3,23,z,1,0.29877449991181493,None,23,3,95,3,,,,,226.29727390012704,,226.28551580011845,226.29727390012704,227.29647079994902,227.29647079994902,227.29647079994902,227.29647079994902,227.29647079994902,228.2976490999572,228.2976490999572,228.60140300006606,z,1,0.29877449991181493,None,,,,,5,001,2025-10-05_18h07.16.094,untitled,,2025.1.1,60.03727111418115,2025-10-05 18h07.20.928723 +0530,
-50,x,96,0,24,x,1,0.4044857998378575,None,24,0,96,0,,,,,228.61319310008548,,228.6017734000925,228.61319310008548,229.6138124000281,229.6138124000281,229.6138124000281,229.6138124000281,229.6138124000281,230.61329509993084,230.61329509993084,231.03322979994118,x,1,0.4044857998378575,None,,,,,5,001,2025-10-05_18h07.16.094,untitled,,2025.1.1,60.03727111418115,2025-10-05 18h07.20.928723 +0530,
150,v,97,1,24,v,1,0.34319619997404516,None,24,1,97,1,,,,,231.04634939995594,,231.0336062000133,231.04634939995594,232.0462454999797,232.0462454999797,232.0462454999797,232.0462454999797,232.0462454999797,233.04678889992647,233.04678889992647,233.4001186999958,v,1,0.34319619997404516,None,,,,,5,001,2025-10-05_18h07.16.094,untitled,,2025.1.1,60.03727111418115,2025-10-05 18h07.20.928723 +0530,
50,c,98,2,24,c,1,0.4694264999125153,None,24,2,98,2,,,,,233.4130649000872,,233.40048340009525,233.4130649000872,234.41343989991583,234.41343989991583,234.41343989991583,234.41343989991583,234.41343989991583,235.4139865001198,235.4139865001198,235.88406200008467,c,1,0.4694264999125153,None,,,,,5,001,2025-10-05_18h07.16.094,untitled,,2025.1.1,60.03727111418115,2025-10-05 18h07.20.928723 +0530,
-150,z,99,3,24,z,1,0.8176084000151604,None,24,3,99,3,,,,,235.89620460011065,,235.88459079992026,235.89620460011065,236.89681980013847,236.89681980013847,236.89681980013847,236.89681980013847,236.89681980013847,237.89696480007842,237.89696480007842,238.71719320002012,z,1,0.8176084000151604,None,,,,,5,001,2025-10-05_18h07.16.094,untitled,,2025.1.1,60.03727111418115,2025-10-05 18h07.20.928723 +0530,
50,c,0,0,0,c,1,1.4259204000700265,None,,,,,0,0,0,2,238.72918089991435,,238.72343229991384,238.72918089991435,239.7293380999472,239.7293380999472,239.7293380999472,239.7293380999472,239.7293380999472,240.72975050006062,240.72975050006062,242.16718570003286,,,,,c,1,1.4259204000700265,None,5,001,2025-10-05_18h07.16.094,untitled,,2025.1.1,60.03727111418115,2025-10-05 18h07.20.928723 +0530,
-150,z,1,1,0,z,1,0.5204665998462588,None,,,,,0,1,1,3,242.17995309992693,,242.16755030001514,242.17995309992693,243.17942299996503,243.17942299996503,243.17942299996503,243.17942299996503,243.17942299996503,244.17941140010953,244.17941140010953,244.71668369998224,,,,,z,1,0.5204665998462588,None,5,001,2025-10-05_18h07.16.094,untitled,,2025.1.1,60.03727111418115,2025-10-05 18h07.20.928723 +0530,
-50,x,2,2,0,x,1,0.5399378999136388,None,,,,,0,2,2,0,244.7297632000409,,244.71704000001773,244.7297632000409,245.7293177000247,245.7293177000247,245.7293177000247,245.7293177000247,245.7293177000247,246.72924329992384,246.72924329992384,247.28309740009718,,,,,x,1,0.5399378999136388,None,5,001,2025-10-05_18h07.16.094,untitled,,2025.1.1,60.03727111418115,2025-10-05 18h07.20.928723 +0530,
-50,x,3,3,1,x,1,0.7634296000469476,None,,,,,1,3,3,0,247.29646790004335,,247.2834612999577,247.29646790004335,248.29612710000947,248.29612710000947,248.29612710000947,248.29612710000947,248.29612710000947,249.29594029998407,249.29594029998407,250.06671459996141,,,,,x,1,0.7634296000469476,None,5,001,2025-10-05_18h07.16.094,untitled,,2025.1.1,60.03727111418115,2025-10-05 18h07.20.928723 +0530,
-50,x,4,4,2,x,1,0.45649030013009906,None,,,,,2,4,4,0,250.0791122999508,,250.06707559991628,250.0791122999508,251.0796505000908,251.0796505000908,251.0796505000908,251.0796505000908,251.0796505000908,252.0793664001394,252.0793664001394,252.54946319991723,,,,,x,1,0.45649030013009906,None,5,001,2025-10-05_18h07.16.094,untitled,,2025.1.1,60.03727111418115,2025-10-05 18h07.20.928723 +0530,
50,c,5,5,1,c,1,0.9405841000843793,None,,,,,1,5,5,2,252.56293640006334,,252.54984010010958,252.56293640006334,253.56248700013384,253.56248700013384,253.56248700013384,253.56248700013384,253.56248700013384,254.56231390009634,254.56231390009634,255.5167656999547,,,,,c,1,0.9405841000843793,None,5,001,2025-10-05_18h07.16.094,untitled,,2025.1.1,60.03727111418115,2025-10-05 18h07.20.928723 +0530,
-150,z,6,6,1,z,1,0.47177239996381104,None,,,,,1,6,6,3,255.5290248999372,,255.5171272000298,255.5290248999372,256.5285342000425,256.5285342000425,256.5285342000425,256.5285342000425,256.5285342000425,257.52917180000804,257.52917180000804,258.0160415000282,,,,,z,1,0.47177239996381104,None,5,001,2025-10-05_18h07.16.094,untitled,,2025.1.1,60.03727111418115,2025-10-05 18h07.20.928723 +0530,
150,v,7,7,0,v,1,0.7370571999344975,None,,,,,0,7,7,1,258.02903899992816,,258.01649420009926,258.02903899992816,259.02858010004275,259.02858010004275,259.02858010004275,259.02858010004275,259.02858010004275,260.0290157001,260.0290157001,260.78304279991426,,,,,v,1,0.7370571999344975,None,5,001,2025-10-05_18h07.16.094,untitled,,2025.1.1,60.03727111418115,2025-10-05 18h07.20.928723 +0530,
-150,z,8,8,2,z,1,0.65592489996925,None,,,,,2,8,8,3,260.7952562000137,,260.783482800005,260.7952562000137,261.7962971001398,261.7962971001398,261.7962971001398,261.7962971001398,261.7962971001398,262.7952960000839,262.7952960000839,263.4653433000203,,,,,z,1,0.65592489996925,None,5,001,2025-10-05_18h07.16.094,untitled,,2025.1.1,60.03727111418115,2025-10-05 18h07.20.928723 +0530,
50,c,9,9,2,c,1,0.7267311001196504,None,,,,,2,9,9,2,263.4785369001329,,263.4657167000696,263.4785369001329,264.47880890010856,264.47880890010856,264.47880890010856,264.47880890010856,264.47880890010856,265.47830129996873,265.47830129996873,266.2153994999826,,,,,c,1,0.7267311001196504,None,5,001,2025-10-05_18h07.16.094,untitled,,2025.1.1,60.03727111418115,2025-10-05 18h07.20.928723 +0530,
-50,x,10,10,3,x,1,0.4691368001513183,None,,,,,3,10,10,0,266.2284260999877,,266.2157703000121,266.2284260999877,267.2282384999562,267.2282384999562,267.2282384999562,267.2282384999562,267.2282384999562,268.2286714001093,268.2286714001093,268.69992060004734,,,,,x,1,0.4691368001513183,None,5,001,2025-10-05_18h07.16.094,untitled,,2025.1.1,60.03727111418115,2025-10-05 18h07.20.928723 +0530,
-50,x,11,11,4,x,1,0.42243469995446503,None,,,,,4,11,11,0,268.71157689997926,,268.7003297000192,268.71157689997926,269.7118951000739,269.7118951000739,269.7118951000739,269.7118951000739,269.7118951000739,270.71176480012946,270.71176480012946,271.1487964000553,,,,,x,1,0.42243469995446503,None,5,001,2025-10-05_18h07.16.094,untitled,,2025.1.1,60.03727111418115,2025-10-05 18h07.20.928723 +0530,
-50,x,12,12,5,x,1,0.41596650006249547,None,,,,,5,12,12,0,271.1618013000116,,271.1491533999797,271.1618013000116,272.1614602000918,272.1614602000918,272.1614602000918,272.1614602000918,272.1614602000918,273.1615466000512,273.1615466000512,273.58323350013234,,,,,x,1,0.41596650006249547,None,5,001,2025-10-05_18h07.16.094,untitled,,2025.1.1,60.03727111418115,2025-10-05 18h07.20.928723 +0530,
150,v,13,13,1,v,1,0.7978086001239717,None,,,,,1,13,13,1,273.5948161999695,,273.58360520005226,273.5948161999695,274.59532939991914,274.59532939991914,274.59532939991914,274.59532939991914,274.59532939991914,275.5944515001029,275.5944515001029,276.3988705999218,,,,,v,1,0.7978086001239717,None,5,001,2025-10-05_18h07.16.094,untitled,,2025.1.1,60.03727111418115,2025-10-05 18h07.20.928723 +0530,
-50,x,14,14,6,x,1,0.6118524000048637,None,,,,,6,14,14,0,276.41160400002263,,276.39925500005484,276.41160400002263,277.41198020009324,277.41198020009324,277.41198020009324,277.41198020009324,277.41198020009324,278.41132479999214,278.41132479999214,279.03195019997656,,,,,x,1,0.6118524000048637,None,5,001,2025-10-05_18h07.16.094,untitled,,2025.1.1,60.03727111418115,2025-10-05 18h07.20.928723 +0530,
50,c,15,15,3,c,1,0.6515315000433475,None,,,,,3,15,15,2,279.04492440004833,,279.0323062001262,279.04492440004833,280.04509019991383,280.04509019991383,280.04509019991383,280.04509019991383,280.04509019991383,281.0445501001086,281.0445501001086,281.6985466000624,,,,,c,1,0.6515315000433475,None,5,001,2025-10-05_18h07.16.094,untitled,,2025.1.1,60.03727111418115,2025-10-05 18h07.20.928723 +0530,
50,c,16,16,4,c,1,0.6851329999044538,None,,,,,4,16,16,2,281.71092420001514,,281.6989023000933,281.71092420001514,282.7112658000551,282.7112658000551,282.7112658000551,282.7112658000551,282.7112658000551,283.71113499999046,283.71113499999046,284.3990774000995,,,,,c,1,0.6851329999044538,None,5,001,2025-10-05_18h07.16.094,untitled,,2025.1.1,60.03727111418115,2025-10-05 18h07.20.928723 +0530,
-50,x,17,17,7,x,1,0.3961756997741759,None,,,,,7,17,17,0,284.4109920000192,,284.39961510011926,284.4109920000192,285.41121540009044,285.41121540009044,285.41121540009044,285.41121540009044,285.41121540009044,286.4109923001379,286.4109923001379,286.814283200074,,,,,x,1,0.3961756997741759,None,5,001,2025-10-05_18h07.16.094,untitled,,2025.1.1,60.03727111418115,2025-10-05 18h07.20.928723 +0530,
150,v,18,18,2,v,1,0.7428979999385774,None,,,,,2,18,18,1,286.82775259995833,,286.8146464000456,286.82775259995833,287.827983800089,287.827983800089,287.827983800089,287.827983800089,287.827983800089,288.82769619999453,288.82769619999453,289.58179620001465,,,,,v,1,0.7428979999385774,None,5,001,2025-10-05_18h07.16.094,untitled,,2025.1.1,60.03727111418115,2025-10-05 18h07.20.928723 +0530,
150,v,19,19,3,v,1,0.743183100130409,None,,,,,3,19,19,1,289.5943136999849,,289.5821464001201,289.5943136999849,290.59405519999564,290.59405519999564,290.59405519999564,290.59405519999564,290.59405519999564,291.5943048999179,291.5943048999179,292.34729780000634,,,,,v,1,0.743183100130409,None,5,001,2025-10-05_18h07.16.094,untitled,,2025.1.1,60.03727111418115,2025-10-05 18h07.20.928723 +0530,
-50,x,20,20,8,x,1,0.5051486000884324,None,,,,,8,20,20,0,292.3605382000096,,292.34765379992314,292.3605382000096,293.36097089992836,293.36097089992836,293.36097089992836,293.36097089992836,293.36097089992836,294.3606028999202,294.3606028999202,294.8805303000845,,,,,x,1,0.5051486000884324,None,5,001,2025-10-05_18h07.16.094,untitled,,2025.1.1,60.03727111418115,2025-10-05 18h07.20.928723 +0530,
-50,x,21,21,9,x,1,0.402409499976784,None,,,,,9,21,21,0,294.89399150013924,,294.88099250011146,294.89399150013924,295.8938808001112,295.8938808001112,295.8938808001112,295.8938808001112,295.8938808001112,296.89474250003695,296.89474250003695,297.2988521999214,,,,,x,1,0.402409499976784,None,5,001,2025-10-05_18h07.16.094,untitled,,2025.1.1,60.03727111418115,2025-10-05 18h07.20.928723 +0530,
-150,z,22,22,3,z,1,0.41376740019768476,None,,,,,3,22,22,3,297.3132979001384,,297.29916930012405,297.3132979001384,298.31027040001936,298.31027040001936,298.31027040001936,298.31027040001936,298.3273944000248,299.3110074000433,299.3110074000433,299.731378500117,,,,,z,1,0.41376740019768476,None,5,001,2025-10-05_18h07.16.094,untitled,,2025.1.1,60.03727111418115,2025-10-05 18h07.20.928723 +0530,
-150,z,23,23,4,z,1,0.43277719989418983,None,,,,,4,23,23,3,299.74376250011846,,299.73173330002464,299.74376250011846,300.74405750003643,300.74405750003643,300.74405750003643,300.74405750003643,300.74405750003643,301.7440538001247,301.7440538001247,302.1803107999731,,,,,z,1,0.43277719989418983,None,5,001,2025-10-05_18h07.16.094,untitled,,2025.1.1,60.03727111418115,2025-10-05 18h07.20.928723 +0530,
50,c,24,24,5,c,1,0.7384390998631716,None,,,,,5,24,24,2,302.19320200011134,,302.18067339994013,302.19320200011134,303.1937623000704,303.1937623000704,303.1937623000704,303.1937623000704,303.1937623000704,304.19370259996504,304.19370259996504,304.94706710008904,,,,,c,1,0.7384390998631716,None,5,001,2025-10-05_18h07.16.094,untitled,,2025.1.1,60.03727111418115,2025-10-05 18h07.20.928723 +0530,
150,v,25,25,4,v,1,0.770952699938789,None,,,,,4,25,25,1,304.95971670001745,,304.94744200003333,304.95971670001745,305.9599671999458,305.9599671999458,305.9599671999458,305.9599671999458,305.9599671999458,306.96011100010946,306.96011100010946,307.74710920010693,,,,,v,1,0.770952699938789,None,5,001,2025-10-05_18h07.16.094,untitled,,2025.1.1,60.03727111418115,2025-10-05 18h07.20.928723 +0530,
150,v,26,26,5,v,1,0.7673783998470753,None,,,,,5,26,26,1,307.7595478000585,,307.7474819000345,307.7595478000585,308.76009540003724,308.76009540003724,308.76009540003724,308.76009540003724,308.76009540003724,309.7604340999387,309.7604340999387,310.5310247000307,,,,,v,1,0.7673783998470753,None,5,001,2025-10-05_18h07.16.094,untitled,,2025.1.1,60.03727111418115,2025-10-05 18h07.20.928723 +0530,
50,c,27,27,6,c,1,0.6430193998385221,None,,,,,6,27,27,2,310.54353159992024,,310.53138860012405,310.54353159992024,311.54334710002877,311.54334710002877,311.54334710002877,311.54334710002877,311.54334710002877,312.5439573000185,312.5439573000185,313.196889200015,,,,,c,1,0.6430193998385221,None,5,001,2025-10-05_18h07.16.094,untitled,,2025.1.1,60.03727111418115,2025-10-05 18h07.20.928723 +0530,
50,c,28,28,7,c,1,0.590252700028941,None,,,,,7,28,28,2,313.2103951999452,,313.19723600009456,313.2103951999452,314.2100454000756,314.2100454000756,314.2100454000756,314.2100454000756,314.2100454000756,315.2095675000455,315.2095675000455,315.81328180013224,,,,,c,1,0.590252700028941,None,5,001,2025-10-05_18h07.16.094,untitled,,2025.1.1,60.03727111418115,2025-10-05 18h07.20.928723 +0530,
150,v,29,29,6,v,1,0.6982239000499249,None,,,,,6,29,29,1,315.8268454999197,,315.8136320000049,315.8268454999197,316.82621779991314,316.82621779991314,316.82621779991314,316.82621779991314,316.82621779991314,317.82665950013325,317.82665950013325,318.53043340006843,,,,,v,1,0.6982239000499249,None,5,001,2025-10-05_18h07.16.094,untitled,,2025.1.1,60.03727111418115,2025-10-05 18h07.20.928723 +0530,
-150,z,30,30,5,z,1,0.4793177000246942,None,,,,,5,30,30,3,318.54322380013764,,318.5308038999792,318.54322380013764,319.54344370006584,319.54344370006584,319.54344370006584,319.54344370006584,319.54344370006584,320.5432605999522,320.5432605999522,321.0301304999739,,,,,z,1,0.4793177000246942,None,5,001,2025-10-05_18h07.16.094,untitled,,2025.1.1,60.03727111418115,2025-10-05 18h07.20.928723 +0530,
-50,x,31,31,10,x,1,0.45690930006094277,None,,,,,10,31,31,0,321.043021999998,,321.03048920002766,321.043021999998,322.04247030010447,322.04247030010447,322.04247030010447,322.04247030010447,322.04247030010447,323.04305809992366,323.04305809992366,323.5139457001351,,,,,x,1,0.45690930006094277,None,5,001,2025-10-05_18h07.16.094,untitled,,2025.1.1,60.03727111418115,2025-10-05 18h07.20.928723 +0530,
50,c,32,32,8,c,1,0.8094349000602961,None,,,,,8,32,32,2,323.52618580008857,,323.5143035000656,323.52618580008857,324.52603389997967,324.52603389997967,324.52603389997967,324.52603389997967,324.52603389997967,325.5258738999255,325.5258738999255,326.34589320002124,,,,,c,1,0.8094349000602961,None,5,001,2025-10-05_18h07.16.094,untitled,,2025.1.1,60.03727111418115,2025-10-05 18h07.20.928723 +0530,
50,c,33,33,9,c,1,0.5819624001160264,None,,,,,9,33,33,2,326.3596846999135,,326.34624810004607,326.3596846999135,327.3593866000883,327.3593866000883,327.3593866000883,327.3593866000883,327.3593866000883,328.35884220013395,328.35884220013395,328.9466365999542,,,,,c,1,0.5819624001160264,None,5,001,2025-10-05_18h07.16.094,untitled,,2025.1.1,60.03727111418115,2025-10-05 18h07.20.928723 +0530,
150,v,34,34,7,v,1,0.6151269001420587,None,,,,,7,34,34,1,328.95923939999193,,328.9469938999973,328.95923939999193,329.95896050008014,329.95896050008014,329.95896050008014,329.95896050008014,329.95896050008014,330.95910249999724,330.95910249999724,331.58045140001923,,,,,v,1,0.6151269001420587,None,5,001,2025-10-05_18h07.16.094,untitled,,2025.1.1,60.03727111418115,2025-10-05 18h07.20.928723 +0530,
-150,z,35,35,6,z,1,0.5008229999803007,None,,,,,6,35,35,3,331.59285979997367,,331.58080530003645,331.59285979997367,332.5925267999992,332.5925267999992,332.5925267999992,332.5925267999992,332.5925267999992,333.59217560011894,333.59217560011894,334.09670020011254,,,,,z,1,0.5008229999803007,None,5,001,2025-10-05_18h07.16.094,untitled,,2025.1.1,60.03727111418115,2025-10-05 18h07.20.928723 +0530,
-150,z,36,36,7,z,1,0.6823921001050621,None,,,,,7,36,36,3,334.109040300129,,334.0972569999285,334.109040300129,335.10981420008466,335.10981420008466,335.10981420008466,335.10981420008466,335.10981420008466,336.1091186001431,336.1091186001431,336.7967523999978,,,,,z,1,0.6823921001050621,None,5,001,2025-10-05_18h07.16.094,untitled,,2025.1.1,60.03727111418115,2025-10-05 18h07.20.928723 +0530,
150,v,37,37,8,v,1,0.7435551001690328,None,,,,,8,37,37,1,336.80880580004305,,336.797085700091,336.80880580004305,337.80949319992214,337.80949319992214,337.80949319992214,337.80949319992214,337.80949319992214,338.8087277999148,338.8087277999148,339.5620401999913,,,,,v,1,0.7435551001690328,None,5,001,2025-10-05_18h07.16.094,untitled,,2025.1.1,60.03727111418115,2025-10-05 18h07.20.928723 +0530,
-150,z,38,38,8,z,1,0.4130074998829514,None,,,,,8,38,38,3,339.57615320011973,,339.56252390006557,339.57615320011973,340.57566590001807,340.57566590001807,340.57566590001807,340.57566590001807,340.57566590001807,341.5760039000306,341.5760039000306,341.9954512999393,,,,,z,1,0.4130074998829514,None,5,001,2025-10-05_18h07.16.094,untitled,,2025.1.1,60.03727111418115,2025-10-05 18h07.20.928723 +0530,
-150,z,39,39,9,z,1,0.6673270999453962,None,,,,,9,39,39,3,342.0090576999355,,341.9958679000847,342.0090576999355,343.0085734000895,343.0085734000895,343.0085734000895,343.0085734000895,343.0085734000895,344.0085567999631,344.0085567999631,344.6788995999377,,,,,z,1,0.6673270999453962,None,5,001,2025-10-05_18h07.16.094,untitled,,2025.1.1,60.03727111418115,2025-10-05 18h07.20.928723 +0530,
150,v,40,40,9,v,1,0.8702843000646681,None,,,,,9,40,40,1,344.69183479994535,,344.67925629997626,344.69183479994535,345.6918424000032,345.6918424000032,345.6918424000032,345.6918424000032,345.6918424000032,346.6917282999493,346.6917282999493,347.57891659997404,,,,,v,1,0.8702843000646681,None,5,001,2025-10-05_18h07.16.094,untitled,,2025.1.1,60.03727111418115,2025-10-05 18h07.20.928723 +0530,
150,v,41,41,10,v,1,0.8005158000160009,None,,,,,10,41,41,1,347.59127130010165,,347.57936080009677,347.59127130010165,348.5914090999868,348.5914090999868,348.5914090999868,348.5914090999868,348.5914090999868,349.5916003000457,349.5916003000457,350.39626429998316,,,,,v,1,0.8005158000160009,None,5,001,2025-10-05_18h07.16.094,untitled,,2025.1.1,60.03727111418115,2025-10-05 18h07.20.928723 +0530,
-150,z,42,42,10,z,1,0.6676483999472111,None,,,,,10,42,42,3,350.40830960008316,,350.3966173999943,350.40830960008316,351.4081067000516,351.4081067000516,351.4081067000516,351.4081067000516,351.4081067000516,352.4082967999857,352.4082967999857,353.0794850999955,,,,,z,1,0.6676483999472111,None,5,001,2025-10-05_18h07.16.094,untitled,,2025.1.1,60.03727111418115,2025-10-05 18h07.20.928723 +0530,
50,c,43,43,10,c,1,0.8214372000657022,None,,,,,10,43,43,2,353.09198969998397,,353.07984589994885,353.09198969998397,354.0922115999274,354.0922115999274,354.0922115999274,354.0922115999274,354.0922115999274,355.09145319997333,355.09145319997333,355.92862839996815,,,,,c,1,0.8214372000657022,None,5,001,2025-10-05_18h07.16.094,untitled,,2025.1.1,60.03727111418115,2025-10-05 18h07.20.928723 +0530,
50,c,44,44,11,c,1,0.8060421000700444,None,,,,,11,44,44,2,355.9417731000576,,355.9289498999715,355.9417731000576,356.94247459992766,356.94247459992766,356.94247459992766,356.94247459992766,356.94247459992766,357.94192979997024,357.94192979997024,358.76123770000413,,,,,c,1,0.8060421000700444,None,5,001,2025-10-05_18h07.16.094,untitled,,2025.1.1,60.03727111418115,2025-10-05 18h07.20.928723 +0530,
150,v,45,45,11,v,1,0.7599212001077831,None,,,,,11,45,45,1,358.77449920005165,,358.7615950999316,358.77449920005165,359.7743164000567,359.7743164000567,359.7743164000567,359.7743164000567,359.7743164000567,360.77397350012325,360.77397350012325,361.54553569993004,,,,,v,1,0.7599212001077831,None,5,001,2025-10-05_18h07.16.094,untitled,,2025.1.1,60.03727111418115,2025-10-05 18h07.20.928723 +0530,
-50,x,46,46,11,x,1,0.5051990000065416,None,,,,,11,46,46,0,361.55788270011544,,361.5458949999884,361.55788270011544,362.55753180012107,362.55753180012107,362.55753180012107,362.55753180012107,362.55753180012107,363.557778700022,363.557778700022,364.0782719999552,,,,,x,1,0.5051990000065416,None,5,001,2025-10-05_18h07.16.094,untitled,,2025.1.1,60.03727111418115,2025-10-05 18h07.20.928723 +0530,
-150,z,47,47,11,z,1,0.4211253998801112,None,,,,,11,47,47,3,364.09151399997063,,364.07862449996173,364.09151399997063,365.0910787000321,365.0910787000321,365.0910787000321,365.0910787000321,365.0910787000321,366.0908152000047,366.0908152000047,366.527352000121,,,,,z,1,0.4211253998801112,None,5,001,2025-10-05_18h07.16.094,untitled,,2025.1.1,60.03727111418115,2025-10-05 18h07.20.928723 +0530,
150,v,48,48,12,v,1,0.8419292001053691,None,,,,,12,48,48,1,366.54110640008,,366.52782359998673,366.54110640008,367.5412417999469,367.5412417999469,367.5412417999469,367.5412417999469,367.5412417999469,368.54062200011685,368.54062200011685,369.3942545000464,,,,,v,1,0.8419292001053691,None,5,001,2025-10-05_18h07.16.094,untitled,,2025.1.1,60.03727111418115,2025-10-05 18h07.20.928723 +0530,
50,c,49,49,12,c,1,0.5928549999371171,None,,,,,12,49,49,2,369.4076722001191,,369.3946144999936,369.4076722001191,370.40721390000544,370.40721390000544,370.40721390000544,370.40721390000544,370.40721390000544,371.4081582000945,371.4081582000945,372.01064390013926,,,,,c,1,0.5928549999371171,None,5,001,2025-10-05_18h07.16.094,untitled,,2025.1.1,60.03727111418115,2025-10-05 18h07.20.928723 +0530,
50,c,50,50,13,c,1,0.8348493999801576,None,,,,,13,50,50,2,372.0241002999246,,372.01106770010665,372.0241002999246,373.0243876001332,373.0243876001332,373.0243876001332,373.0243876001332,373.0243876001332,374.02349660010077,374.02349660010077,374.86158509994857,,,,,c,1,0.8348493999801576,None,5,001,2025-10-05_18h07.16.094,untitled,,2025.1.1,60.03727111418115,2025-10-05 18h07.20.928723 +0530,
150,v,51,51,13,v,1,0.6894468001555651,None,,,,,13,51,51,1,374.8741781001445,,374.8619383000769,374.8741781001445,375.87389830010943,375.87389830010943,375.87389830010943,375.87389830010943,375.87389830010943,376.87638089992106,376.87638089992106,377.5773102999665,,,,,v,1,0.6894468001555651,None,5,001,2025-10-05_18h07.16.094,untitled,,2025.1.1,60.03727111418115,2025-10-05 18h07.20.928723 +0530,
150,v,52,52,14,v,1,0.7668864000588655,None,,,,,14,52,52,1,377.5904059999157,,377.57767680007964,377.5904059999157,378.59062619996257,378.59062619996257,378.59062619996257,378.59062619996257,378.59062619996257,379.58985450002365,379.58985450002365,380.36092879995704,,,,,v,1,0.7668864000588655,None,5,001,2025-10-05_18h07.16.094,untitled,,2025.1.1,60.03727111418115,2025-10-05 18h07.20.928723 +0530,
-50,x,53,53,12,x,1,0.42547919997014105,None,,,,,12,53,53,0,380.3743829000741,,380.3612999001052,380.3743829000741,381.37318080011755,381.37318080011755,381.37318080011755,381.37318080011755,381.37318080011755,382.3732865001075,382.3732865001075,382.8103785000276,,,,,x,1,0.42547919997014105,None,5,001,2025-10-05_18h07.16.094,untitled,,2025.1.1,60.03727111418115,2025-10-05 18h07.20.928723 +0530,
-150,z,54,54,12,z,1,0.42616459983401,None,,,,,12,54,54,3,382.82327870000154,,382.8107390999794,382.82327870000154,383.8234041000251,383.8234041000251,383.8234041000251,383.8234041000251,383.8234041000251,384.8234441000968,384.8234441000968,385.26054610009305,,,,,z,1,0.42616459983401,None,5,001,2025-10-05_18h07.16.094,untitled,,2025.1.1,60.03727111418115,2025-10-05 18h07.20.928723 +0530,
50,c,55,55,14,c,1,0.8055822998285294,None,,,,,14,55,55,2,385.27327429992147,,385.2609055999201,385.27327429992147,386.27340920013376,386.27340920013376,386.27340920013376,386.27340920013376,386.27340920013376,387.27331420010887,387.27331420010887,388.0950124000665,,,,,c,1,0.8055822998285294,None,5,001,2025-10-05_18h07.16.094,untitled,,2025.1.1,60.03727111418115,2025-10-05 18h07.20.928723 +0530,
-150,z,56,56,13,z,1,0.4228421999141574,None,,,,,13,56,56,3,388.1074860000517,,388.0953774000518,388.1074860000517,389.1070276000537,389.1070276000537,389.1070276000537,389.1070276000537,389.1070276000537,390.10681660007685,390.10681660007685,390.5441356000956,,,,,z,1,0.4228421999141574,None,5,001,2025-10-05_18h07.16.094,untitled,,2025.1.1,60.03727111418115,2025-10-05 18h07.20.928723 +0530,
150,v,57,57,15,v,1,0.7944850998464972,None,,,,,15,57,57,1,390.5559416001197,,390.54455540003255,390.5559416001197,391.5569990000222,391.5569990000222,391.5569990000222,391.5569990000222,391.5569990000222,392.5570197000634,392.5570197000634,393.36050870013423,,,,,v,1,0.7944850998464972,None,5,001,2025-10-05_18h07.16.094,untitled,,2025.1.1,60.03727111418115,2025-10-05 18h07.20.928723 +0530,
-150,z,58,58,14,z,1,0.47499370016157627,None,,,,,14,58,58,3,393.3730840999633,,393.36086379992776,393.3730840999633,394.3727365999948,394.3727365999948,394.3727365999948,394.3727365999948,394.3727365999948,395.37326620006934,395.37326620006934,395.859697900014,,,,,z,1,0.47499370016157627,None,5,001,2025-10-05_18h07.16.094,untitled,,2025.1.1,60.03727111418115,2025-10-05 18h07.20.928723 +0530,
-50,x,59,59,13,x,1,0.4487151999492198,None,,,,,13,59,59,0,395.87300870008767,,395.8601965000853,395.87300870008767,396.8727887000423,396.8727887000423,396.8727887000423,396.8727887000423,396.8727887000423,397.87278680014424,397.87278680014424,398.32693500001915,,,,,x,1,0.4487151999492198,None,5,001,2025-10-05_18h07.16.094,untitled,,2025.1.1,60.03727111418115,2025-10-05 18h07.20.928723 +0530,
-50,x,60,60,14,x,1,0.4577959000598639,None,,,,,14,60,60,0,398.34008190012537,,398.3272887999192,398.34008190012537,399.33972200006247,399.33972200006247,399.33972200006247,399.33972200006247,399.33972200006247,400.3394750999287,400.3394750999287,400.80931859998964,,,,,x,1,0.4577959000598639,None,5,001,2025-10-05_18h07.16.094,untitled,,2025.1.1,60.03727111418115,2025-10-05 18h07.20.928723 +0530,
-50,x,61,61,15,x,1,0.43872629990801215,None,,,,,15,61,61,0,400.82235909998417,,400.80963940010406,400.82235909998417,401.82283860002644,401.82283860002644,401.82283860002644,401.82283860002644,401.82283860002644,402.8223208000418,402.8223208000418,403.2764852999244,,,,,x,1,0.43872629990801215,None,5,001,2025-10-05_18h07.16.094,untitled,,2025.1.1,60.03727111418115,2025-10-05 18h07.20.928723 +0530,
50,c,62,62,15,c,1,0.602721800096333,None,,,,,15,62,62,2,403.2901065000333,,403.276836700039,403.2901065000333,404.2897813001182,404.2897813001182,404.2897813001182,404.2897813001182,404.2897813001182,405.28869209997356,405.28869209997356,405.8932724001352,,,,,c,1,0.602721800096333,None,5,001,2025-10-05_18h07.16.094,untitled,,2025.1.1,60.03727111418115,2025-10-05 18h07.20.928723 +0530,
50,c,63,63,16,c,1,0.8601675999816507,None,,,,,16,63,63,2,405.9056774000637,,405.8936278000474,405.9056774000637,406.9060536001343,406.9060536001343,406.9060536001343,406.9060536001343,406.9060536001343,407.90590230003,407.90590230003,408.77551960013807,,,,,c,1,0.8601675999816507,None,5,001,2025-10-05_18h07.16.094,untitled,,2025.1.1,60.03727111418115,2025-10-05 18h07.20.928723 +0530,
150,v,64,64,16,v,1,0.7674992999527603,None,,,,,16,64,64,1,408.7888118000701,,408.77589759998955,408.7888118000701,409.78874079999514,409.78874079999514,409.78874079999514,409.78874079999514,409.78874079999514,410.78887169994414,410.78887169994414,411.55989679996856,,,,,v,1,0.7674992999527603,None,5,001,2025-10-05_18h07.16.094,untitled,,2025.1.1,60.03727111418115,2025-10-05 18h07.20.928723 +0530,
150,v,65,65,17,v,1,0.90632289997302,None,,,,,17,65,65,1,411.57248209998943,,411.5602553000208,411.57248209998943,412.5723647000268,412.5723647000268,412.5723647000268,412.5723647000268,412.5723647000268,413.57214780012146,413.57214780012146,414.493022599956,,,,,v,1,0.90632289997302,None,5,001,2025-10-05_18h07.16.094,untitled,,2025.1.1,60.03727111418115,2025-10-05 18h07.20.928723 +0530,
-50,x,66,66,16,x,1,0.3946888998616487,None,,,,,16,66,66,0,414.5060149000492,,414.4933492001146,414.5060149000492,415.50513559998944,415.50513559998944,415.50513559998944,415.50513559998944,415.50513559998944,416.5052233999595,416.5052233999595,416.9091205999721,,,,,x,1,0.3946888998616487,None,5,001,2025-10-05_18h07.16.094,untitled,,2025.1.1,60.03727111418115,2025-10-05 18h07.20.928723 +0530,
-150,z,67,67,15,z,1,0.4277466000057757,None,,,,,15,67,67,3,416.9220692999661,,416.9095044999849,416.9220692999661,417.9399131999817,417.9399131999817,417.9399131999817,417.9399131999817,417.9399131999817,418.922004400054,418.922004400054,419.35937359998934,,,,,z,1,0.4277466000057757,None,5,001,2025-10-05_18h07.16.094,untitled,,2025.1.1,60.03727111418115,2025-10-05 18h07.20.928723 +0530,
150,v,68,68,18,v,1,0.7467256998643279,None,,,,,18,68,68,1,419.3727720999159,,419.3597472999245,419.3727720999159,420.37178570008837,420.37178570008837,420.37178570008837,420.37178570008837,420.37178570008837,421.37209730013274,421.37209730013274,422.1261859999504,,,,,v,1,0.7467256998643279,None,5,001,2025-10-05_18h07.16.094,untitled,,2025.1.1,60.03727111418115,2025-10-05 18h07.20.928723 +0530,
-50,x,69,69,17,x,1,0.45699990005232394,None,,,,,17,69,69,0,422.13835870008916,,422.1265444001183,422.13835870008916,423.1382754999213,423.1382754999213,423.1382754999213,423.1382754999213,423.1382754999213,424.13950540008955,424.13950540008955,424.60853349999525,,,,,x,1,0.45699990005232394,None,5,001,2025-10-05_18h07.16.094,untitled,,2025.1.1,60.03727111418115,2025-10-05 18h07.20.928723 +0530,
50,c,70,70,17,c,1,0.4967665998265147,None,,,,,17,70,70,2,424.62214360013604,,424.6089031000156,424.62214360013604,425.6221658999566,425.6221658999566,425.6221658999566,425.6221658999566,425.6221658999566,426.62173549993895,426.62173549993895,427.1264875000343,,,,,c,1,0.4967665998265147,None,5,001,2025-10-05_18h07.16.094,untitled,,2025.1.1,60.03727111418115,2025-10-05 18h07.20.928723 +0530,
-150,z,71,71,16,z,1,0.4691413000691682,None,,,,,16,71,71,3,427.13845650013536,,427.12684769998305,427.13845650013536,428.138185699936,428.138185699936,428.138185699936,428.138185699936,428.138185699936,429.13834710000083,429.13834710000083,429.6083750000689,,,,,z,1,0.4691413000691682,None,5,001,2025-10-05_18h07.16.094,untitled,,2025.1.1,60.03727111418115,2025-10-05 18h07.20.928723 +0530,
-50,x,72,72,18,x,1,0.41017299983650446,None,,,,,18,72,72,0,429.6216001000721,,429.6087637001183,429.6216001000721,430.62170289992355,430.62170289992355,430.62170289992355,430.62170289992355,430.62170289992355,431.62140800012276,431.62140800012276,432.04121710010804,,,,,x,1,0.41017299983650446,None,5,001,2025-10-05_18h07.16.094,untitled,,2025.1.1,60.03727111418115,2025-10-05 18h07.20.928723 +0530,
-50,x,73,73,19,x,1,0.4517238000407815,None,,,,,19,73,73,0,432.05479270010255,,432.04158680001274,432.05479270010255,433.05491399997845,433.05491399997845,433.05491399997845,433.05491399997845,433.05491399997845,434.0547144000884,434.0547144000884,434.5097686999943,,,,,x,1,0.4517238000407815,None,5,001,2025-10-05_18h07.16.094,untitled,,2025.1.1,60.03727111418115,2025-10-05 18h07.20.928723 +0530,
-50,x,74,74,20,x,1,0.405272200005129,None,,,,,20,74,74,0,434.521338700084,,434.5101358999964,434.521338700084,435.52124719996937,435.52124719996937,435.52124719996937,435.52124719996937,435.52124719996937,436.52096730004996,436.52096730004996,436.94153810013086,,,,,x,1,0.405272200005129,None,5,001,2025-10-05_18h07.16.094,untitled,,2025.1.1,60.03727111418115,2025-10-05 18h07.20.928723 +0530,
-150,z,75,75,17,z,1,0.47234480013139546,None,,,,,17,75,75,3,436.9543753999751,,436.9418957999442,436.9543753999751,437.9548915999476,437.9548915999476,437.9548915999476,437.9548915999476,437.9548915999476,438.9544486000668,438.9544486000668,439.4423225999344,,,,,z,1,0.47234480013139546,None,5,001,2025-10-05_18h07.16.094,untitled,,2025.1.1,60.03727111418115,2025-10-05 18h07.20.928723 +0530,
-150,z,76,76,18,z,1,0.38233980000950396,None,,,,,18,76,76,3,439.4543705000542,,439.4426794999745,439.4543705000542,440.45464999997057,440.45464999997057,440.45464999997057,440.45464999997057,440.45464999997057,441.4550399999134,441.4550399999134,441.8424833000172,,,,,z,1,0.38233980000950396,None,5,001,2025-10-05_18h07.16.094,untitled,,2025.1.1,60.03727111418115,2025-10-05 18h07.20.928723 +0530,
-150,z,77,77,19,z,1,0.43638570001348853,None,,,,,19,77,77,3,441.8538989000954,,441.8428430000786,441.8538989000954,442.8540582000278,442.8540582000278,442.8540582000278,442.8540582000278,442.8540582000278,443.8546693001408,443.8546693001408,444.29194230004214,,,,,z,1,0.43638570001348853,None,5,001,2025-10-05_18h07.16.094,untitled,,2025.1.1,60.03727111418115,2025-10-05 18h07.20.928723 +0530,
150,v,78,78,19,v,1,1.1606635001953691,None,,,,,19,78,78,1,444.30397300003096,,444.2923016999848,444.30397300003096,445.3040796001442,445.3040796001442,445.3040796001442,445.3040796001442,445.3040796001442,446.3042423001025,446.3042423001025,447.474533499917,,,,,v,1,1.1606635001953691,None,5,001,2025-10-05_18h07.16.094,untitled,,2025.1.1,60.03727111418115,2025-10-05 18h07.20.928723 +0530,
-50,x,79,79,21,x,1,0.4890414997935295,None,,,,,21,79,79,0,447.48751200013794,,447.4749000000302,447.48751200013794,448.4877812000923,448.4877812000923,448.4877812000923,448.4877812000923,448.4877812000923,449.48798700002953,449.48798700002953,449.9915011001285,,,,,x,1,0.4890414997935295,None,5,001,2025-10-05_18h07.16.094,untitled,,2025.1.1,60.03727111418115,2025-10-05 18h07.20.928723 +0530,
-150,z,80,80,20,z,1,0.46326550003141165,None,,,,,20,80,80,3,450.0042620000895,,449.9918720999267,450.0042620000895,451.0038626000751,451.0038626000751,451.0038626000751,451.0038626000751,451.0038626000751,452.0042535001412,452.0042535001412,452.47461359994486,,,,,z,1,0.46326550003141165,None,5,001,2025-10-05_18h07.16.094,untitled,,2025.1.1,60.03727111418115,2025-10-05 18h07.20.928723 +0530,
150,v,81,81,20,v,1,1.5043264999985695,None,,,,,20,81,81,1,452.48732149996795,,452.47497540013865,452.48732149996795,453.4874221000355,453.4874221000355,453.4874221000355,453.4874221000355,453.4874221000355,454.48725469992496,454.48725469992496,456.00734360003844,,,,,v,1,1.5043264999985695,None,5,001,2025-10-05_18h07.16.094,untitled,,2025.1.1,60.03727111418115,2025-10-05 18h07.20.928723 +0530,
150,v,82,82,21,v,1,0.7115372000262141,None,,,,,21,82,82,1,456.0203160000965,,456.0077047999948,456.0203160000965,457.01989539992064,457.01989539992064,457.01989539992064,457.01989539992064,457.01989539992064,458.020442500012,458.020442500012,458.7398989999201,,,,,v,1,0.7115372000262141,None,5,001,2025-10-05_18h07.16.094,untitled,,2025.1.1,60.03727111418115,2025-10-05 18h07.20.928723 +0530,
-50,x,83,83,22,x,1,0.4854379000607878,None,,,,,22,83,83,0,458.75369370006956,,458.74025649996474,458.75369370006956,459.75357439997606,459.75357439997606,459.75357439997606,459.75357439997606,459.75357439997606,460.7530028000474,460.7530028000474,461.24131370009854,,,,,x,1,0.4854379000607878,None,5,001,2025-10-05_18h07.16.094,untitled,,2025.1.1,60.03727111418115,2025-10-05 18h07.20.928723 +0530,
50,c,84,84,18,c,1,0.6186452000401914,None,,,,,18,84,84,2,461.25319129996933,,461.24167639994994,461.25319129996933,462.2538260000292,462.2538260000292,462.2538260000292,462.2538260000292,462.2538260000292,463.2538993000053,463.2538993000053,463.8741721000988,,,,,c,1,0.6186452000401914,None,5,001,2025-10-05_18h07.16.094,untitled,,2025.1.1,60.03727111418115,2025-10-05 18h07.20.928723 +0530,
50,c,85,85,19,c,1,0.6089572999626398,None,,,,,19,85,85,2,463.88681169995107,,463.8746164999902,463.88681169995107,464.88684880011715,464.88684880011715,464.88684880011715,464.88684880011715,464.88684880011715,465.88697140011936,465.88697140011936,466.50706179998815,,,,,c,1,0.6089572999626398,None,5,001,2025-10-05_18h07.16.094,untitled,,2025.1.1,60.03727111418115,2025-10-05 18h07.20.928723 +0530,
150,v,86,86,22,v,1,0.982510499889031,None,,,,,22,86,86,1,466.5208896000404,,466.50743429991417,466.5208896000404,467.5210788999684,467.5210788999684,467.5210788999684,467.5210788999684,467.5363491999451,468.52076400001533,468.52076400001533,469.50728609994985,,,,,v,1,0.982510499889031,None,5,001,2025-10-05_18h07.16.094,untitled,,2025.1.1,60.03727111418115,2025-10-05 18h07.20.928723 +0530,
-50,x,87,87,23,x,1,0.40416410006582737,None,,,,,23,87,87,0,469.5197117999196,,469.5076230999548,469.5197117999196,470.5200267001055,470.5200267001055,470.5200267001055,470.5200267001055,470.5200267001055,471.5201165000908,471.5201165000908,471.94100850005634,,,,,x,1,0.40416410006582737,None,5,001,2025-10-05_18h07.16.094,untitled,,2025.1.1,60.03727111418115,2025-10-05 18h07.20.928723 +0530,
-50,x,88,88,24,x,1,0.3335254997946322,None,,,,,24,88,88,0,471.9532105999533,,471.9414004001301,471.9532105999533,472.95408289995976,472.95408289995976,472.95408289995976,472.95408289995976,472.95408289995976,473.952985299984,473.952985299984,474.29053479991853,,,,,x,1,0.3335254997946322,None,5,001,2025-10-05_18h07.16.094,untitled,,2025.1.1,60.03727111418115,2025-10-05 18h07.20.928723 +0530,
50,c,89,89,20,c,1,0.6622604001313448,None,,,,,20,89,89,2,474.303413100075,,474.29086780012585,474.303413100075,475.3025098000653,475.3025098000653,475.3025098000653,475.3025098000653,475.3025098000653,476.3025684999302,476.3025684999302,476.97291689994745,,,,,c,1,0.6622604001313448,None,5,001,2025-10-05_18h07.16.094,untitled,,2025.1.1,60.03727111418115,2025-10-05 18h07.20.928723 +0530,
150,v,90,90,23,v,1,0.7053145999088883,None,,,,,23,90,90,1,476.98583199991845,,476.9732794999145,476.98583199991845,477.9864841999952,477.9864841999952,477.9864841999952,477.9864841999952,477.9864841999952,478.98615520005114,478.98615520005114,479.70676050009206,,,,,v,1,0.7053145999088883,None,5,001,2025-10-05_18h07.16.094,untitled,,2025.1.1,60.03727111418115,2025-10-05 18h07.20.928723 +0530,
-150,z,91,91,21,z,1,0.4385828000959009,None,,,,,21,91,91,3,479.7194044999778,,479.70712319994345,479.7194044999778,480.7193070000503,480.7193070000503,480.7193070000503,480.7193070000503,480.7193070000503,481.71923990012147,481.71923990012147,482.1726228001062,,,,,z,1,0.4385828000959009,None,5,001,2025-10-05_18h07.16.094,untitled,,2025.1.1,60.03727111418115,2025-10-05 18h07.20.928723 +0530,
-150,z,92,92,22,z,1,0.4295846000313759,None,,,,,22,92,92,3,482.18586970004253,,482.17298709996976,482.18586970004253,483.1862033000216,483.1862033000216,483.1862033000216,483.1862033000216,483.1862033000216,484.18635610002093,484.18635610002093,484.62332880008034,,,,,z,1,0.4295846000313759,None,5,001,2025-10-05_18h07.16.094,untitled,,2025.1.1,60.03727111418115,2025-10-05 18h07.20.928723 +0530,
50,c,93,93,21,c,1,0.6691590999253094,None,,,,,21,93,93,2,484.636179999914,,484.6236934000626,484.636179999914,485.6360551000107,485.6360551000107,485.6360551000107,485.6360551000107,485.6360551000107,486.6361575999763,486.6361575999763,487.32269060006365,,,,,c,1,0.6691590999253094,None,5,001,2025-10-05_18h07.16.094,untitled,,2025.1.1,60.03727111418115,2025-10-05 18h07.20.928723 +0530,
-150,z,94,94,23,z,1,0.4612749998923391,None,,,,,23,94,94,3,487.33553529996425,,487.32305329991505,487.33553529996425,488.33573139994405,488.33573139994405,488.33573139994405,488.33573139994405,488.33573139994405,489.33612650004216,489.33612650004216,489.80647650011815,,,,,z,1,0.4612749998923391,None,5,001,2025-10-05_18h07.16.094,untitled,,2025.1.1,60.03727111418115,2025-10-05 18h07.20.928723 +0530,
50,c,95,95,22,c,1,0.5724067999981344,None,,,,,22,95,95,2,489.8188346000388,,489.8068305000197,489.8188346000388,490.8193276999518,490.8193276999518,490.8193276999518,490.8193276999518,490.8193276999518,491.8185952999629,491.8185952999629,492.4067735001445,,,,,c,1,0.5724067999981344,None,5,001,2025-10-05_18h07.16.094,untitled,,2025.1.1,60.03727111418115,2025-10-05 18h07.20.928723 +0530,
50,c,96,96,23,c,1,0.5607233000919223,None,,,,,23,96,96,2,492.4191674001049,,492.4071307000704,492.4191674001049,493.4188657000195,493.4188657000195,493.4188657000195,493.4188657000195,493.4188657000195,494.4188304001,494.4188304001,494.9884605000261,,,,,c,1,0.5607233000919223,None,5,001,2025-10-05_18h07.16.094,untitled,,2025.1.1,60.03727111418115,2025-10-05 18h07.20.928723 +0530,
50,c,97,97,24,c,1,0.5186354999896139,None,,,,,24,97,97,2,495.0019123000093,,494.9888277000282,495.0019123000093,496.0020616000984,496.0020616000984,496.0020616000984,496.0020616000984,496.0020616000984,497.00119010009803,497.00119010009803,497.52218329999596,,,,,c,1,0.5186354999896139,None,5,001,2025-10-05_18h07.16.094,untitled,,2025.1.1,60.03727111418115,2025-10-05 18h07.20.928723 +0530,
-150,z,98,98,24,z,1,0.44979130011051893,None,,,,,24,98,98,3,497.53517289995216,,497.5225064000115,497.53517289995216,498.5352346000727,498.5352346000727,498.5352346000727,498.5352346000727,498.5352346000727,499.5352902999148,499.5352902999148,499.988603600068,,,,,z,1,0.44979130011051893,None,5,001,2025-10-05_18h07.16.094,untitled,,2025.1.1,60.03727111418115,2025-10-05 18h07.20.928723 +0530,
150,v,99,99,24,v,1,0.7636631999630481,None,,,,,24,99,99,1,500.00256570009515,,499.9890483999625,500.00256570009515,501.0016654001083,501.0016654001083,501.0016654001083,501.0016654001083,501.01827679993585,502.001288499916,502.001288499916,502.7720995999407,,,,,v,1,0.7636631999630481,None,5,001,2025-10-05_18h07.16.094,untitled,,2025.1.1,60.03727111418115,2025-10-05 18h07.20.928723 +0530,
